"Track URI","Track Name","Artist URI(s)","Artist Name(s)","Album URI","Album Name","Album Artist URI(s)","Album Artist Name(s)","Album Release Date","Album Image URL","Disc Number","Track Number","Track Duration (ms)","Track Preview URL","Explicit","Popularity","ISRC","Added By","Added At"
"spotify:track:44OxSeXi6jEU0EFZUW8YAP","Our Prayer","spotify:artist:3oDbviiivRWhXwIE8hxkVV","The Beach Boys","spotify:album:1Tf6V7olrJ32d4DhqWVTgM","Smile Sessions","spotify:artist:3oDbviiivRWhXwIE8hxkVV","The Beach Boys","2011-01-01","https://i.scdn.co/image/ab67616d0000b273a41cabe4a6ff208c8ccc0741","1","1","64805","https://p.scdn.co/mp3-preview/58f0efff6b0f50eb7dd84efa5d7fefdf3ea2a248?cid=9950ac751e34487dbbe027c4fd7f8e99","false","24","USCA21101818","spotify:user:tbgcqfyxjw0xuiffywit30yz3","2024-02-22T19:35:35Z"
"spotify:track:2VRNkdYbYUAOAcw71IqPBx","Because","spotify:artist:3WrFJ7ztbogyGnTHbHJFl2","The Beatles","spotify:album:1Ye7yrA7vAlQnoooj8yDXb","Love","spotify:artist:3WrFJ7ztbogyGnTHbHJFl2","The Beatles","2006-11-17","https://i.scdn.co/image/ab67616d0000b27330503dbc30e621c96913379b","1","1","164631","https://p.scdn.co/mp3-preview/0268c7eee37e3022b1d0f333c58755782ce796bb?cid=9950ac751e34487dbbe027c4fd7f8e99","false","43","GBAYE0601539","spotify:user:tbgcqfyxjw0xuiffywit30yz3","2024-02-22T19:36:09Z"
"spotify:track:6MBS3ARYYlI4FtYjaTinK5","Bitter with the Sweet","spotify:artist:319yZVtYM9MBGqmSQnMyY6","Carole King","spotify:album:3kUmJfZkReqIb3ZqB4Q4kv","Rhymes & Reasons","spotify:artist:319yZVtYM9MBGqmSQnMyY6","Carole King","1972-11-01","https://i.scdn.co/image/ab67616d0000b273d87af88d89987b58004670a2","1","6","147466","https://p.scdn.co/mp3-preview/a4b6c309195a5113a5ef1606a5bc8208ffc03d22?cid=9950ac751e34487dbbe027c4fd7f8e99","false","58","USSM10025000","spotify:user:tbgcqfyxjw0xuiffywit30yz3","2024-02-22T19:36:28Z"
"spotify:track:5LxvwujISqiB8vpRYv887S","I Want You Back","spotify:artist:2iE18Oxc8YSumAU232n4rW","The Jackson 5","spotify:album:51uoKRa8vT5SULrlF8s2t1","Diana Ross Presents The Jackson 5","spotify:artist:2iE18Oxc8YSumAU232n4rW","The Jackson 5","1969-12-18","https://i.scdn.co/image/ab67616d0000b27316aaf05fe82237576a7d0e38","1","3","176333","https://p.scdn.co/mp3-preview/504a5a3f9e28a41907c91d82a811017559e3c0d4?cid=9950ac751e34487dbbe027c4fd7f8e99","false","81","USMO19400306","spotify:user:tbgcqfyxjw0xuiffywit30yz3","2024-02-22T19:36:52Z"
"spotify:track:4ZVZBc5xvMyV3WzWktn8i7","Everyday People","spotify:artist:5m8H6zSadhu1j9Yi04VLqD","Sly & The Family Stone","spotify:album:7iwS1r6JHYJe9xpPjzmWqD","Stand","spotify:artist:5m8H6zSadhu1j9Yi04VLqD","Sly & The Family Stone","1969-05-03","https://i.scdn.co/image/ab67616d0000b273147e35fd67f22f92cb587c3b","1","6","141506","https://p.scdn.co/mp3-preview/99614fb587d12a17a3a054a53048064af25d4066?cid=9950ac751e34487dbbe027c4fd7f8e99","false","68","USSM19913826","spotify:user:tbgcqfyxjw0xuiffywit30yz3","2024-02-22T19:37:15Z"
"spotify:track:74iQ3gahRTOGc19bYadBE3","Thank You (Falettinme Be Mice Elf Agin) - Single Version","spotify:artist:5m8H6zSadhu1j9Yi04VLqD","Sly & The Family Stone","spotify:album:0UM9SydcBtsklCTFgGLvcT","Greatest Hits","spotify:artist:5m8H6zSadhu1j9Yi04VLqD","Sly & The Family Stone","1970-11-21","https://i.scdn.co/image/ab67616d0000b273b08f59c7648a7a67130ca0ea","1","12","291320","https://p.scdn.co/mp3-preview/97fb3e06a63957723bbe2790c3d6257536881fd9?cid=9950ac751e34487dbbe027c4fd7f8e99","false","60","USSM19901657","spotify:user:tbgcqfyxjw0xuiffywit30yz3","2024-02-22T19:37:24Z"
"spotify:track:3NFNs9D6GmXESyUyLJMbsT","Corn Does Grow","spotify:artist:2a4lU7F8toqKpb5v6Ftqya","Theo Katzman","spotify:album:2DfCKCs5PcVe2I3KkmjdLU","Corn Does Grow","spotify:artist:2a4lU7F8toqKpb5v6Ftqya","Theo Katzman","2023-02-10","https://i.scdn.co/image/ab67616d0000b273f91a20f222d2dc1946b27fbc","1","1","225159","https://p.scdn.co/mp3-preview/19f3ce59c25752a75f94d932459eed3bcbbaded9?cid=9950ac751e34487dbbe027c4fd7f8e99","false","20","TCAGU2358425","spotify:user:tbgcqfyxjw0xuiffywit30yz3","2024-02-22T19:38:19Z"
"spotify:track:4zmJW5SgjcZx04xxJx5UBg","Alone Again, Naturally","spotify:artist:6pGuw52TrX5SZPdQSxAvgW, spotify:artist:2Oq3sgFa2HSvRY0vL6bDxN, spotify:artist:1BSZmrnlSeYW2BBN56QfJZ","Vulfmon, Monica Martin, Hailey Niswanger","spotify:album:6BwMnR9yKSmf5P5PZFAhlq","Here We Go Jack","spotify:artist:6pGuw52TrX5SZPdQSxAvgW","Vulfmon","2022-08-05","https://i.scdn.co/image/ab67616d0000b273a01eb7ed18ceb34293fc05d9","1","3","211672","https://p.scdn.co/mp3-preview/c3792734db0a6050c425ed47213adda5b773dcd1?cid=9950ac751e34487dbbe027c4fd7f8e99","false","47","QZK6P2262648","spotify:user:tbgcqfyxjw0xuiffywit30yz3","2024-02-22T19:38:45Z"
"spotify:track:4850v7DuT7raVYAWc1ODPv","Summer, Highland Falls","spotify:artist:6zFYqv1mOsgBRQbae3JJ9e","Billy Joel","spotify:album:7GiLfxL1su3MSqz7pmKMZi","Turnstiles","spotify:artist:6zFYqv1mOsgBRQbae3JJ9e","Billy Joel","1976-05-19","https://i.scdn.co/image/ab67616d0000b273d1731f2c0e1c2c8957f35c76","1","2","199960","https://p.scdn.co/mp3-preview/58b9fa985dfe8e37458b82518cccefe3c42e15cb?cid=9950ac751e34487dbbe027c4fd7f8e99","false","57","USSM17600479","spotify:user:tbgcqfyxjw0xuiffywit30yz3","2024-02-22T19:39:14Z"
"spotify:track:70Znjq5VPKFrwlB7O26SWT","Zanzibar","spotify:artist:6zFYqv1mOsgBRQbae3JJ9e","Billy Joel","spotify:album:1HmCO8VK98AU6EXPOjGYyI","52nd Street","spotify:artist:6zFYqv1mOsgBRQbae3JJ9e","Billy Joel","1978-10-13","https://i.scdn.co/image/ab67616d0000b2731d4675d5a0345bb93686e4b6","1","4","310760","https://p.scdn.co/mp3-preview/e0d9a9eebada202ffac1debbf7ad15e47ee698cb?cid=9950ac751e34487dbbe027c4fd7f8e99","false","61","USSM17800449","spotify:user:tbgcqfyxjw0xuiffywit30yz3","2024-02-22T19:40:00Z"
"spotify:track:75XQk1ewCddGnDuFMYg2iL","When the Morning Comes","spotify:artist:77tT1kLj6mCWtFNqiOmP9H","Daryl Hall & John Oates","spotify:album:47Dmo9RLpgHMusEiF8luvu","Abandoned Luncheonette","spotify:artist:77tT1kLj6mCWtFNqiOmP9H","Daryl Hall & John Oates","1973-01-01","https://i.scdn.co/image/ab67616d0000b2734959f78cc9a050555687c4c2","1","1","191493","https://p.scdn.co/mp3-preview/c7b00b5ab4348c5967da169231c13f160985362a?cid=9950ac751e34487dbbe027c4fd7f8e99","false","56","USAT20614603","spotify:user:tbgcqfyxjw0xuiffywit30yz3","2024-02-22T19:42:23Z"
"spotify:track:3RFtAch6kcnlsf4D9alYxw","Las Vegas Turnaround (The Stewardess Song)","spotify:artist:77tT1kLj6mCWtFNqiOmP9H","Daryl Hall & John Oates","spotify:album:6kbDhcPqFi4WlAyYd4CHvQ","Ultimate Daryl Hall & John Oates","spotify:artist:77tT1kLj6mCWtFNqiOmP9H","Daryl Hall & John Oates","2003-03-22","https://i.scdn.co/image/ab67616d0000b273df30efb8aaa253e3abd76593","1","2","177640","https://p.scdn.co/mp3-preview/acfd150afaafe5e53ef04a8751c06ed1f73de061?cid=9950ac751e34487dbbe027c4fd7f8e99","false","0","USAT20000621","spotify:user:tbgcqfyxjw0xuiffywit30yz3","2024-02-22T19:42:46Z"
"spotify:track:1eyq8cjUQ2daFthW2PC2GM","Glory of Love","spotify:artist:5xWPOujQqd4wXyB08slZ9Z","Peter Cetera","spotify:album:1O2sEdKLsSHROEyYgUQmnb","Solitude / Solitaire","spotify:artist:5xWPOujQqd4wXyB08slZ9Z","Peter Cetera","1986","https://i.scdn.co/image/ab67616d0000b2739cd3665c5518c19b9ba36676","1","3","258333","https://p.scdn.co/mp3-preview/db8481c754fe86fe6d76c517c089b02013666089?cid=9950ac751e34487dbbe027c4fd7f8e99","false","76","USWB10000619","spotify:user:tbgcqfyxjw0xuiffywit30yz3","2024-02-22T19:43:11Z"
"spotify:track:1JQ6Xm1JrvHfvAqhl5pwaA","Easy","spotify:artist:6twIAGnYuIT1pncMAsXnEm","Commodores","spotify:album:2tzbNCAUTmW4MIM2Ulvrwl","Commodores","spotify:artist:6twIAGnYuIT1pncMAsXnEm","Commodores","1977-01-01","https://i.scdn.co/image/ab67616d0000b27340eea368f4fb5f5ee6dcd9a8","1","9","256426","https://p.scdn.co/mp3-preview/10044c94985e802666a02616d3ef63117dd105fd?cid=9950ac751e34487dbbe027c4fd7f8e99","false","81","USMO17700543","spotify:user:tbgcqfyxjw0xuiffywit30yz3","2024-02-22T19:43:19Z"
"spotify:track:5EdlwzcgIAYs2HGvOnczPN","I Just Want To Be Your Everything","spotify:artist:4YPqbAiLzBg5DIfsgQZ8QK","Andy Gibb","spotify:album:3yBKvLLgqZfNTNtoUnq0Uf","Flowing Rivers","spotify:artist:4YPqbAiLzBg5DIfsgQZ8QK","Andy Gibb","1977-09-09","https://i.scdn.co/image/ab67616d0000b2739007e7e22a518d1a8647c70b","1","1","225666","https://p.scdn.co/mp3-preview/9cd1b82a06a3103aacc787b19845a9bab5cc5c06?cid=9950ac751e34487dbbe027c4fd7f8e99","false","65","NLF057790036","spotify:user:tbgcqfyxjw0xuiffywit30yz3","2024-02-22T19:43:26Z"
"spotify:track:3cfnGXJ9bmiWvFqEO6ff8B","After the Love Has Gone","spotify:artist:4QQgXkCYTt3BlENzhyNETg","Earth\, Wind & Fire","spotify:album:4RLVTxnuVN5ZWZqBFnaaQt","I Am","spotify:artist:4QQgXkCYTt3BlENzhyNETg","Earth\, Wind & Fire","1979-06","https://i.scdn.co/image/ab67616d0000b2735ccd022a69a4da9551efd988","1","3","278040","https://p.scdn.co/mp3-preview/748f945b4f0e4c8fea2c08e71f49fc18a6db4752?cid=9950ac751e34487dbbe027c4fd7f8e99","false","70","USSM19801712","spotify:user:tbgcqfyxjw0xuiffywit30yz3","2024-02-22T19:43:32Z"
"spotify:track:5WwqdeavrQrbeAMDxGawse","Can't Fight This Feeling","spotify:artist:55vs7NT1KxcFjbMC4y202E","REO Speedwagon","spotify:album:35KafpmKh0nDLzBLV75MpR","Wheels Are Turnin'","spotify:artist:55vs7NT1KxcFjbMC4y202E","REO Speedwagon","1984-11-05","https://i.scdn.co/image/ab67616d0000b273b815265c56ecfa5136a4015d","1","6","294773","https://p.scdn.co/mp3-preview/47811ce4b58e8fb058e13bdfb21225aa357a5c9f?cid=9950ac751e34487dbbe027c4fd7f8e99","false","77","USSM18400442","spotify:user:tbgcqfyxjw0xuiffywit30yz3","2024-02-22T19:43:48Z"
"spotify:track:60mGckXEG1EzR4VmjYLfEW","Guilty (feat. Barry Gibb)","spotify:artist:7jmTilWYlKOuavFfmQAcu6, spotify:artist:7Hd38PVp634oGEb9pIDs5d","Barbra Streisand, Barry Gibb","spotify:album:5mMebbufullX8FIhpCxwCt","Guilty","spotify:artist:7jmTilWYlKOuavFfmQAcu6","Barbra Streisand","1980-09-23","https://i.scdn.co/image/ab67616d0000b273788aec6603253d0d95169042","1","1","264333","https://p.scdn.co/mp3-preview/b25563a6b64c27e0f1e578b8e3a8ef81f4cd9147?cid=9950ac751e34487dbbe027c4fd7f8e99","false","66","USSM10209145","spotify:user:tbgcqfyxjw0xuiffywit30yz3","2024-02-22T19:44:04Z"
"spotify:track:5zgcmMLv0HpraYWfsm5Plw","Dead Inside Shuffle","spotify:artist:6uIst176jhzooPMetg2rtH","Louis Cole","spotify:album:57Xg6JumEnG5i5MBzJVdT7","Quality Over Opinion","spotify:artist:6uIst176jhzooPMetg2rtH","Louis Cole","2022-10-14","https://i.scdn.co/image/ab67616d0000b2737bed62fe63257e9edfe3bcb4","1","2","200000","https://p.scdn.co/mp3-preview/7e8a3b18be61b94d6a4a2ca807063614829c5b54?cid=9950ac751e34487dbbe027c4fd7f8e99","true","47","GBCFB2200257","spotify:user:tbgcqfyxjw0xuiffywit30yz3","2024-02-22T19:44:35Z"
"spotify:track:6Vcwr9tb3ZLO63F8DL8cqu","Tangled up in Blue","spotify:artist:74ASZWbe4lXaubB36ztrGX","Bob Dylan","spotify:album:4WD4pslu83FF6oMa1e19mF","Blood On The Tracks","spotify:artist:74ASZWbe4lXaubB36ztrGX","Bob Dylan","1975-01-17","https://i.scdn.co/image/ab67616d0000b27372ca15b8637acbc7d15ff5ba","1","1","341626","https://p.scdn.co/mp3-preview/baa6feb5a7c646abcb471929ac8124453f5ae30a?cid=9950ac751e34487dbbe027c4fd7f8e99","false","62","USSM19906468","spotify:user:tbgcqfyxjw0xuiffywit30yz3","2024-02-22T19:44:45Z"
"spotify:track:2cmRpmO04TLaKPzmAzySYZ","Dance Yrself Clean","spotify:artist:066X20Nz7iquqkkCW6Jxy6","LCD Soundsystem","spotify:album:4hnqM0JK4CM1phwfq1Ldyz","This Is Happening","spotify:artist:066X20Nz7iquqkkCW6Jxy6","LCD Soundsystem","2010-05-17","https://i.scdn.co/image/ab67616d0000b273ee0d0dce888c6c8a70db6e8b","1","1","536471","https://p.scdn.co/mp3-preview/f66d555e43408c98cc7d63601559e274822092ad?cid=9950ac751e34487dbbe027c4fd7f8e99","false","66","US4GE1000019","spotify:user:tbgcqfyxjw0xuiffywit30yz3","2024-02-22T19:45:45Z"
"spotify:track:63CHa6rmamv9OsehkRD8oz","Against All Odds (Take a Look at Me Now) - 2016 Remaster","spotify:artist:4lxfqrEsLX6N1N4OCSkILp","Phil Collins","spotify:album:7yZHLfxqiGPbSQLrVJljah","The Singles (Expanded)","spotify:artist:4lxfqrEsLX6N1N4OCSkILp","Phil Collins","2016-10-14","https://i.scdn.co/image/ab67616d0000b2736731eabe4c268971eeed3c06","1","10","206360","https://p.scdn.co/mp3-preview/521852836c6bfd67f27d4d286e0f9ee509e24f8a?cid=9950ac751e34487dbbe027c4fd7f8e99","false","79","USRH11603367","spotify:user:tbgcqfyxjw0xuiffywit30yz3","2024-02-22T19:46:14Z"
"spotify:track:2bwYGPDCC31QTdFca1mQRh","Baby Come Back","spotify:artist:0fgtHVpOPfXb07S8Jx443z","Player","spotify:album:0Jd20cTh3EfVzFQn8GSO9Y","The Best Of Player: Baby Come Back","spotify:artist:0fgtHVpOPfXb07S8Jx443z","Player","1998-01-01","https://i.scdn.co/image/ab67616d0000b273ef0d65084591b500e97a2850","1","1","253733","https://p.scdn.co/mp3-preview/a27bbada11a7460aa34adf894b0741caf8dc9ea2?cid=9950ac751e34487dbbe027c4fd7f8e99","false","53","NLF057790013","spotify:user:tbgcqfyxjw0xuiffywit30yz3","2024-02-22T19:46:26Z"
"spotify:track:05XkMS2YVNfPNXepMScPRJ","I Say a Little Prayer","spotify:artist:2JSjCHK79gdaiPWdKiNUNp","Dionne Warwick","spotify:album:39Z6x10tt1CU7zQgEqvKnj","The Windows of the World","spotify:artist:2JSjCHK79gdaiPWdKiNUNp","Dionne Warwick","1967","https://i.scdn.co/image/ab67616d0000b273d1487c0c7d4fb3db10a17ffc","1","1","188360","https://p.scdn.co/mp3-preview/f14858a79b8869e204c820fd9b2d4ce7e8c9418e?cid=9950ac751e34487dbbe027c4fd7f8e99","false","55","USWSP0000078","spotify:user:tbgcqfyxjw0xuiffywit30yz3","2024-02-22T19:47:00Z"
"spotify:track:2uXlHiOE4o5xHOCiob8DKn","Fly-day Chinatown","spotify:artist:0W2BSNBblzlWTk4bD2A9uR","泰葉","spotify:album:0dO2tsQmsZzsPnR9qDWTlP","Fly-day Chinatown","spotify:artist:0W2BSNBblzlWTk4bD2A9uR","泰葉","1981-09-21","https://i.scdn.co/image/ab67616d0000b27368a5d2cd77f7abef0b964981","1","1","208493","https://p.scdn.co/mp3-preview/764b2abb8d73d9ed3e0f1a51ab0174b06eeb6014?cid=9950ac751e34487dbbe027c4fd7f8e99","false","67","JPPO08100570","spotify:user:tbgcqfyxjw0xuiffywit30yz3","2024-02-22T19:47:26Z"
"spotify:track:2BHj31ufdEqVK5CkYDp9mA","Mayonaka no Door / Stay With Me","spotify:artist:4hUmsYcvD8C5zuVSP93jb1","Miki Matsubara","spotify:album:1ANaxJNBcbOvvycNL4MCL5","Miki Matsubara Best Collection","spotify:artist:4hUmsYcvD8C5zuVSP93jb1","Miki Matsubara","2008","https://i.scdn.co/image/ab67616d0000b27381052badd62d5e14c3377786","1","4","312293","https://p.scdn.co/mp3-preview/c478a85c83fc5911ccf30f2f55786047af129bbb?cid=9950ac751e34487dbbe027c4fd7f8e99","false","79","JPPC07950030","spotify:user:tbgcqfyxjw0xuiffywit30yz3","2024-02-22T19:47:32Z"
"spotify:track:0P7DoyGrr4Wp9w5TotEtUC","The Weight - Remastered 2000","spotify:artist:4vpDg7Y7fU982Ds30zawDA","The Band","spotify:album:0ky5kdvfPxSmSpj03hpSAE","Music From Big Pink (Remastered)","spotify:artist:4vpDg7Y7fU982Ds30zawDA","The Band","1968-07-01","https://i.scdn.co/image/ab67616d0000b27320bbceac6950d3fe13fa13c3","1","5","274493","https://p.scdn.co/mp3-preview/6080cc872d9a51c72705530a985d2ce9394c390d?cid=9950ac751e34487dbbe027c4fd7f8e99","false","73","USCA20000789","spotify:user:tbgcqfyxjw0xuiffywit30yz3","2024-02-22T19:47:41Z"
"spotify:track:48XkVAagIoQHCsOlJtXUd5","still feel.","spotify:artist:7sOR7gk6XUlGnxj3p9F54k","half•alive","spotify:album:2KSWrd22LGc0Hmqs2Z5i7z","Now, Not Yet","spotify:artist:7sOR7gk6XUlGnxj3p9F54k","half•alive","2019-08-09","https://i.scdn.co/image/ab67616d0000b273f89d2d949f9671982e9e732c","1","5","247786","https://p.scdn.co/mp3-preview/bb032fd472930d7f5dfe23ae52938e6c06da5300?cid=9950ac751e34487dbbe027c4fd7f8e99","false","67","GBKPL1814938","spotify:user:tbgcqfyxjw0xuiffywit30yz3","2024-02-22T19:47:52Z"
"spotify:track:6a899bXlCuViXW2Qs8Rdqo","Turn Your Love Around","spotify:artist:4N8BwYTEC6XqykGvXXlmfv","George Benson","spotify:album:1IcNxT9zu74BfNhuHD9MBN","The George Benson Collection","spotify:artist:4N8BwYTEC6XqykGvXXlmfv","George Benson","1981","https://i.scdn.co/image/ab67616d0000b2733a3c381f6910a4fe51c2640b","1","1","230106","https://p.scdn.co/mp3-preview/0579c1c61524442d214bda2d5f82d4f33d3c2184?cid=9950ac751e34487dbbe027c4fd7f8e99","false","61","USWB10902422","spotify:user:tbgcqfyxjw0xuiffywit30yz3","2024-02-22T19:48:03Z"
"spotify:track:2kkvB3RNRzwjFdGhaUA0tz","Layla","spotify:artist:2rc78XDH9zuJP6bm78lU8Z","Derek & The Dominos","spotify:album:5iIWnMgvSM8uEBwXKsPcXM","Layla And Other Assorted Love Songs (Remastered 2010)","spotify:artist:2rc78XDH9zuJP6bm78lU8Z","Derek & The Dominos","1970-11-01","https://i.scdn.co/image/ab67616d0000b273fbcaf7402f38faac27610efc","1","13","423840","https://p.scdn.co/mp3-preview/8563d016ae70ed290ba446194adbe39f0cbf3cdb?cid=9950ac751e34487dbbe027c4fd7f8e99","false","76","GBUM71028890","spotify:user:tbgcqfyxjw0xuiffywit30yz3","2024-02-22T19:48:18Z"
"spotify:track:2b9lp5A6CqSzwOrBfAFhof","Crazy Train","spotify:artist:6ZLTlhejhndI4Rh53vYhrY","Ozzy Osbourne","spotify:album:6aGfK3YpRxZ1rJfaNRckLH","Blizzard of Ozz (Expanded Edition)","spotify:artist:6ZLTlhejhndI4Rh53vYhrY","Ozzy Osbourne","1980-09-20","https://i.scdn.co/image/ab67616d0000b2735776e18c520194c48d92815b","1","2","296200","https://p.scdn.co/mp3-preview/82413173824c77d38be0f2db4456ebf289d12f05?cid=9950ac751e34487dbbe027c4fd7f8e99","false","0","USSM11002845","spotify:user:tbgcqfyxjw0xuiffywit30yz3","2024-02-22T19:48:25Z"
"spotify:track:4k6Uh1HXdhtusDW5y8Gbvy","Bad Habit","spotify:artist:57vWImR43h4CaDao012Ofp","Steve Lacy","spotify:album:3Ks0eeH0GWpY4AU20D5HPD","Gemini Rights","spotify:artist:57vWImR43h4CaDao012Ofp","Steve Lacy","2022-07-15","https://i.scdn.co/image/ab67616d0000b27368968350c2550e36d96344ee","1","5","232066","https://p.scdn.co/mp3-preview/efe7c2fdd8fa727a108a1270b114ebedabfd766c?cid=9950ac751e34487dbbe027c4fd7f8e99","true","83","USRC12201440","spotify:user:tbgcqfyxjw0xuiffywit30yz3","2024-02-22T19:48:49Z"
"spotify:track:2X485T9Z5Ly0xyaghN73ed","Let It Happen","spotify:artist:5INjqkS1o8h1imAzPqGZBb","Tame Impala","spotify:album:79dL7FLiJFOO0EoehUHQBv","Currents","spotify:artist:5INjqkS1o8h1imAzPqGZBb","Tame Impala","2015-07-17","https://i.scdn.co/image/ab67616d0000b2739e1cfc756886ac782e363d79","1","1","467586","https://p.scdn.co/mp3-preview/2cfd4012a9ac9bac50a308cfc17b4173a7a84aae?cid=9950ac751e34487dbbe027c4fd7f8e99","false","82","AUUM71500292","spotify:user:tbgcqfyxjw0xuiffywit30yz3","2024-02-22T19:49:03Z"
"spotify:track:0LtOwyZoSNZKJWHqjzADpW","Feels Like We Only Go Backwards","spotify:artist:5INjqkS1o8h1imAzPqGZBb","Tame Impala","spotify:album:3C2MFZ2iHotUQOSBzdSvM7","Lonerism","spotify:artist:5INjqkS1o8h1imAzPqGZBb","Tame Impala","2012-01-01","https://i.scdn.co/image/ab67616d0000b273370c12f82872c9cfaee80193","1","7","192960","https://p.scdn.co/mp3-preview/ad5f51028ee8013a85ee6f9bad1b83615d25094b?cid=9950ac751e34487dbbe027c4fd7f8e99","false","79","AUUM71200493","spotify:user:tbgcqfyxjw0xuiffywit30yz3","2024-02-22T19:49:09Z"
"spotify:track:4CeMCGrUZByXsrPUV7Qzsu","A Little Bit Me, a Little Bit You","spotify:artist:320EPCSEezHt1rtbfwH6Ck","The Monkees","spotify:album:2lOaCB2xqljflzUOKGqFoa","Music Box (The Monkees)","spotify:artist:320EPCSEezHt1rtbfwH6Ck","The Monkees","2001","https://i.scdn.co/image/ab67616d0000b2731eb83d542970ea941b60b70a","1","26","168053","https://p.scdn.co/mp3-preview/76c0a0ed7e8300f0199295334ab2548959549974?cid=9950ac751e34487dbbe027c4fd7f8e99","false","48","USRH10125797","spotify:user:tbgcqfyxjw0xuiffywit30yz3","2024-02-22T19:49:27Z"
"spotify:track:1Q34tAtTWI6RdW1qzFQiPb","Your Smiling Face","spotify:artist:0vn7UBvSQECKJm2817Yf1P","James Taylor","spotify:album:0Pbc9Jq12a47mQ1z9yIuhn","JT","spotify:artist:0vn7UBvSQECKJm2817Yf1P","James Taylor","1977","https://i.scdn.co/image/ab67616d0000b2735965e1d70e919f2259c1dc90","1","1","165400","https://p.scdn.co/mp3-preview/fb023e25de85c4f8afb79ef89febfffc142a2a52?cid=9950ac751e34487dbbe027c4fd7f8e99","false","65","USSM17700889","spotify:user:tbgcqfyxjw0xuiffywit30yz3","2024-02-22T19:49:34Z"
"spotify:track:4pW3aTX3kAmOaPJfc9UM12","Express Yourself","spotify:artist:2t0kaaDtGZtmpczIAMaVTQ","Charles Wright & The Watts 103rd Street Rhythm Band","spotify:album:2aUItMxwVnUJg4btjcUxC5","Express Yourself","spotify:artist:2t0kaaDtGZtmpczIAMaVTQ","Charles Wright & The Watts 103rd Street Rhythm Band","1970","https://i.scdn.co/image/ab67616d0000b2734c70dc9cd6f4b9c62a4cdd38","1","4","233613","https://p.scdn.co/mp3-preview/5ee74ec7c8d7cea050ba8be4257351bca02b140e?cid=9950ac751e34487dbbe027c4fd7f8e99","false","64","USWB17000001","spotify:user:tbgcqfyxjw0xuiffywit30yz3","2024-02-22T19:50:36Z"
"spotify:track:3p1JoOEhVkEnTaa4JzTMSk","For the Love of Money","spotify:artist:38h03gA85YYPeDPd9ER9rT","The O'Jays","spotify:album:0prtrB4HNL9tiEeAv57Bz8","Ship Ahoy (Expanded Edition)","spotify:artist:38h03gA85YYPeDPd9ER9rT","The O'Jays","1973","https://i.scdn.co/image/ab67616d0000b2735abd0f3ff2e38c5a73afbab6","1","5","439866","https://p.scdn.co/mp3-preview/ce5590cbc16b09c98207d92ec4369040a240ccf4?cid=9950ac751e34487dbbe027c4fd7f8e99","false","58","USSM10112547","spotify:user:tbgcqfyxjw0xuiffywit30yz3","2024-02-22T19:50:46Z"
"spotify:track:1SIXMGcsAeA6sNxaY1EG3O","Tienaté","spotify:artist:77J3V0V7sEOf5ifCDBSNaJ","Nu Genea","spotify:album:2OeKJLLD5jcYMgJAExURqS","Bar Mediterraneo","spotify:artist:77J3V0V7sEOf5ifCDBSNaJ","Nu Genea","2022-05-13","https://i.scdn.co/image/ab67616d0000b273e9565c16b1c048ec3b19b070","1","2","278029","https://p.scdn.co/mp3-preview/02174d63fc00eb6ce89b64bebec0fb7a2990ca27?cid=9950ac751e34487dbbe027c4fd7f8e99","false","59","ITB262200160","spotify:user:tbgcqfyxjw0xuiffywit30yz3","2024-02-22T19:50:55Z"
"spotify:track:71Y7sPJm0DpCix0fHaAlhI","Peaches - 1996 Remaster","spotify:artist:0RUEHcBiENFEqxgicqS2ig","The Stranglers","spotify:album:38lyLeszq1p2sck1lB53dq","Rattus Norvegicus","spotify:artist:0RUEHcBiENFEqxgicqS2ig","The Stranglers","1977","https://i.scdn.co/image/ab67616d0000b27371bc09bffecbaa3ce3c8f8bd","1","6","245493","https://p.scdn.co/mp3-preview/3792ae8c5bd5846ebbf4be6e9771763eb9b2c5f4?cid=9950ac751e34487dbbe027c4fd7f8e99","true","53","GBAYE9600447","spotify:user:tbgcqfyxjw0xuiffywit30yz3","2024-02-22T19:51:02Z"
"spotify:track:4Ce66JznW8QbeyTdSzdGwR","Chameleon","spotify:artist:2ZvrvbQNrHKwjT7qfGFFUW","Herbie Hancock","spotify:album:5fmIolILp5NAtNYiRPjhzA","Head Hunters","spotify:artist:2ZvrvbQNrHKwjT7qfGFFUW","Herbie Hancock","1973-10-26","https://i.scdn.co/image/ab67616d0000b2736b75d57d2d070c0c4afb3f9a","1","1","941360","https://p.scdn.co/mp3-preview/b377de79d3feccc6b10115659358cec4f0a70375?cid=9950ac751e34487dbbe027c4fd7f8e99","false","55","USSM17300165","spotify:user:tbgcqfyxjw0xuiffywit30yz3","2024-02-22T19:51:08Z"
"spotify:track:1hRDHWWealh2Pk3fnpIe75","Love Rollercoaster","spotify:artist:6m30rs1IQqnWqV5nKMpU7U","Ohio Players","spotify:album:6cdbsUYFysGXOh5fqWpIuR","Honey","spotify:artist:6m30rs1IQqnWqV5nKMpU7U","Ohio Players","1975-08-16","https://i.scdn.co/image/ab67616d0000b273ef36e8640d5b240fb772bcd2","1","6","290160","https://p.scdn.co/mp3-preview/303291d65348f99c2c207ab341756fe351bac54e?cid=9950ac751e34487dbbe027c4fd7f8e99","false","61","USPR37504023","spotify:user:tbgcqfyxjw0xuiffywit30yz3","2024-02-22T19:51:18Z"
"spotify:track:2zMJN9JvDlvGP4jB03l1Bz","Hot Stuff","spotify:artist:2eogQKWWoohI3BSnoG7E2U","Donna Summer","spotify:album:58GjBhQvLHwfQFJtdP9Oxg","Bad Girls","spotify:artist:2eogQKWWoohI3BSnoG7E2U","Donna Summer","1979-04-25","https://i.scdn.co/image/ab67616d0000b2730c3a44d76807bef665eacfa3","1","1","314760","https://p.scdn.co/mp3-preview/b48b9f29b11d9821fc4f34e1307bf2d94867cc7b?cid=9950ac751e34487dbbe027c4fd7f8e99","false","71","USPR37907202","spotify:user:tbgcqfyxjw0xuiffywit30yz3","2024-02-22T19:51:31Z"
"spotify:track:4xQMFoD33vx6stB1UzfA6s","Eye Know","spotify:artist:1Z8ODXyhEBi3WynYw0Rya6, spotify:artist:60df5JBRRPcnSpsIMxxwQm","De La Soul, Otis Redding","spotify:album:34LxHI9x14qXUOS8AWRrYD","3 Feet High and Rising","spotify:artist:1Z8ODXyhEBi3WynYw0Rya6","De La Soul","1989-03-03","https://i.scdn.co/image/ab67616d0000b273fa8d314f6f91e81889335dfc","1","9","252671","https://p.scdn.co/mp3-preview/9f5317bea30eb9fee81a88133ebdc9577d2abf51?cid=9950ac751e34487dbbe027c4fd7f8e99","false","61","QMMEH2200055","spotify:user:tbgcqfyxjw0xuiffywit30yz3","2024-02-22T19:51:49Z"
"spotify:track:38MBgJc4k6LXvzvlD2tnEx","Djobi Djoba","spotify:artist:3jc496ljiyrS3ECrD7QiqL","Gipsy Kings","spotify:album:4aDmHcFNChCXPle7tMeoWS","Gipsy Kings","spotify:artist:3jc496ljiyrS3ECrD7QiqL","Gipsy Kings","1988-11-08","https://i.scdn.co/image/ab67616d0000b27385af1bfe554780102ed0bef6","1","8","204640","https://p.scdn.co/mp3-preview/d21e9fa3e99a3df0c1088ab2d687a22c6c30e9ff?cid=9950ac751e34487dbbe027c4fd7f8e99","false","48","USN018884508","spotify:user:tbgcqfyxjw0xuiffywit30yz3","2024-02-22T19:52:05Z"
"spotify:track:6XYbMGvtl6tlPoGWaiH7EY","Baby Be Mine","spotify:artist:3fMbdgg4jU18AjLCKBhRSm","Michael Jackson","spotify:album:2ANVost0y2y52ema1E9xAZ","Thriller","spotify:artist:3fMbdgg4jU18AjLCKBhRSm","Michael Jackson","1982-11-30","https://i.scdn.co/image/ab67616d0000b273de437d960dda1ac0a3586d97","1","2","260666","https://p.scdn.co/mp3-preview/7c65b986c82fd40b54dd23a611729a0edfed7853?cid=9950ac751e34487dbbe027c4fd7f8e99","false","68","USSM19902987","spotify:user:tbgcqfyxjw0xuiffywit30yz3","2024-02-22T19:52:19Z"
"spotify:track:5TxRUOsGeWeRl3xOML59Ai","ARE WE STILL FRIENDS?","spotify:artist:4V8LLVI7PbaPR0K2TGSxFF","Tyler\, The Creator","spotify:album:5zi7WsKlIiUXv09tbGLKsE","IGOR","spotify:artist:4V8LLVI7PbaPR0K2TGSxFF","Tyler\, The Creator","2019-05-17","https://i.scdn.co/image/ab67616d0000b2737005885df706891a3c182a57","1","12","265480","https://p.scdn.co/mp3-preview/a964890412345dbd4686806312f6a074e089f385?cid=9950ac751e34487dbbe027c4fd7f8e99","true","83","USQX91901168","spotify:user:tbgcqfyxjw0xuiffywit30yz3","2024-02-22T19:53:00Z"
"spotify:track:4HqxTpbXpLO1jgKJppk8Gl","Oh, Loretta!","spotify:artist:7w6CFgYRRBheH4QOpa7xzI","Sex on Toast","spotify:album:53svbquW0UhEwPQ5TBUTbP","Oh, Loretta!","spotify:artist:7w6CFgYRRBheH4QOpa7xzI","Sex on Toast","2015-06-08","https://i.scdn.co/image/ab67616d0000b273d78873f5d310ff9828180011","1","1","269283","https://p.scdn.co/mp3-preview/a1a85467d900229996ee448cc6f57ad679955ef6?cid=9950ac751e34487dbbe027c4fd7f8e99","false","46","AUWWE1520001","spotify:user:tbgcqfyxjw0xuiffywit30yz3","2024-02-22T19:53:08Z"
"spotify:track:0r0koSn8v0KSxDd5yOsxpn","You Still Believe In Me","spotify:artist:3oDbviiivRWhXwIE8hxkVV","The Beach Boys","spotify:album:1yMPDqzYuQ4TI10ICKlbzW","Pet Sounds (40th Anniversary Edition)","spotify:artist:3oDbviiivRWhXwIE8hxkVV","The Beach Boys","1966-06-16","https://i.scdn.co/image/ab67616d0000b2736ac00e2900f3779bc64c8f30","1","2","156320","https://p.scdn.co/mp3-preview/cfd5f77d0fe986545eed4d86f65216b614763b63?cid=9950ac751e34487dbbe027c4fd7f8e99","false","0","USCA29600671","spotify:user:tbgcqfyxjw0xuiffywit30yz3","2024-02-22T19:53:36Z"
"spotify:track:1gE7p3b4J8p4ivOCR2CO0Y","Marechià","spotify:artist:77J3V0V7sEOf5ifCDBSNaJ, spotify:artist:7dSwsPGp84lyzlAvuqQhLt","Nu Genea, Célia Kameni","spotify:album:2VWCyefmIWJn1trgychc0W","Marechià","spotify:artist:77J3V0V7sEOf5ifCDBSNaJ","Nu Genea","2021-07-09","https://i.scdn.co/image/ab67616d0000b273a04f320152fcbd5dad2e8905","1","1","264929","https://p.scdn.co/mp3-preview/27fbf85192cec427c39255ef02e05a04668ce1d5?cid=9950ac751e34487dbbe027c4fd7f8e99","false","56","ITB262100900","spotify:user:tbgcqfyxjw0xuiffywit30yz3","2024-02-22T19:54:00Z"
"spotify:track:4GNBjMLPjb0YaHlRv7dBR2","Kelen ati leen","spotify:artist:7xT0arvCDupDU1YYy0BNv9","Orchestra Baobab","spotify:album:0ZS9LdgKzYRPY97s5Xo9pp","A Night At Club Baobab (Senegalese Dance Music of the 70's)","spotify:artist:7xT0arvCDupDU1YYy0BNv9","Orchestra Baobab","2006-07-03","https://i.scdn.co/image/ab67616d0000b27323a03812e477ae5581798e89","1","6","218573","https://p.scdn.co/mp3-preview/7b4087d6768b5549435b7774e5a8fe56465b93d1?cid=9950ac751e34487dbbe027c4fd7f8e99","false","47","FR1JK0600060","spotify:user:tbgcqfyxjw0xuiffywit30yz3","2024-02-22T19:54:08Z"
"spotify:track:0iOZM63lendWRTTeKhZBSC","Mrs. Robinson - From ""The Graduate"" Soundtrack","spotify:artist:70cRZdQywnSFp9pnc2WTCE","Simon & Garfunkel","spotify:album:3bzgbgiytguTDnwzflAZr2","Bookends","spotify:artist:70cRZdQywnSFp9pnc2WTCE","Simon & Garfunkel","1968-04-03","https://i.scdn.co/image/ab67616d0000b273d8fb5b4308dc27f210064ef4","1","10","244026","https://p.scdn.co/mp3-preview/b48d5e6bd6312c23e674b6d3c5293438190cd99b?cid=9950ac751e34487dbbe027c4fd7f8e99","false","79","USSM16800379","spotify:user:tbgcqfyxjw0xuiffywit30yz3","2024-02-22T19:54:27Z"
"spotify:track:2DnJjbjNTV9Nd5NOa1KGba","You're So Vain","spotify:artist:4FtSnMlCVxCswABUmdhwpm","Carly Simon","spotify:album:79x0PRGIZv33znrCkPkCZ5","No Secrets","spotify:artist:4FtSnMlCVxCswABUmdhwpm","Carly Simon","1972","https://i.scdn.co/image/ab67616d0000b273143aaf19ecc28c7b41d42d9d","1","3","258411","https://p.scdn.co/mp3-preview/64de489763e2f6f83f1ea86152f322656fc494b6?cid=9950ac751e34487dbbe027c4fd7f8e99","false","80","USEE19900883","spotify:user:tbgcqfyxjw0xuiffywit30yz3","2024-02-22T19:54:44Z"
"spotify:track:50f0mt35cIwwu3Krk7nS7b","Ma quale idea","spotify:artist:1uXGmHao7MMRBwCCncmyB6","Pino D'Angiò","spotify:album:7dwnwKTPnHsmfcMWsChtCp","Italian Classics: Pino D'Angiò Collection, Vol. 1","spotify:artist:1uXGmHao7MMRBwCCncmyB6","Pino D'Angiò","2011-03-15","https://i.scdn.co/image/ab67616d0000b273cad8789bb4e3de4e81ece093","1","4","262456","https://p.scdn.co/mp3-preview/aafa811220e841e2c150fcd0f4acedc7d84ea4a8?cid=9950ac751e34487dbbe027c4fd7f8e99","false","65","ITA647900295","spotify:user:tbgcqfyxjw0xuiffywit30yz3","2024-02-22T19:55:03Z"
"spotify:track:44aTAUBF0g6sMkMNE8I5kd","Every Little Thing She Does Is Magic","spotify:artist:5NGO30tJxFlKixkPSgXcFE","The Police","spotify:album:5jkwdY6jS1Hzi8epr6HW7h","Ghost In The Machine (Remastered 2003)","spotify:artist:5NGO30tJxFlKixkPSgXcFE","The Police","1981-10-02","https://i.scdn.co/image/ab67616d0000b273b7879980ef2ea7ac1cc29316","1","2","260573","https://p.scdn.co/mp3-preview/6f816f12a8d0abff7e552609d5a30d0b6be58834?cid=9950ac751e34487dbbe027c4fd7f8e99","false","81","GBAAM0201127","spotify:user:tbgcqfyxjw0xuiffywit30yz3","2024-02-22T19:55:29Z"
"spotify:track:2I1W3hcSsPIsEJfD69pHrW","Raspberry Beret","spotify:artist:5a2EaR3hamoenG9rDuVn8j","Prince","spotify:album:27SA4Pkelh2pbwbVEORPOM","Around The World In A Day","spotify:artist:5a2EaR3hamoenG9rDuVn8j","Prince","1985-04-22","https://i.scdn.co/image/ab67616d0000b273cc6495584fb0e2261ee95868","1","4","215173","https://p.scdn.co/mp3-preview/af3d8eec2ef8196217899e096902f437d678ee18?cid=9950ac751e34487dbbe027c4fd7f8e99","false","67","USWB19902876","spotify:user:tbgcqfyxjw0xuiffywit30yz3","2024-02-22T19:55:34Z"
"spotify:track:3l3xTXsUXeWlkPqzMs7mPD","End Of The Road","spotify:artist:6O74knDqdv3XaWtkII7Xjp","Boyz II Men","spotify:album:3jknvlUSe6D9Oyn2E3JBLO","Cooleyhighharmony (Bonus Tracks Version)","spotify:artist:6O74knDqdv3XaWtkII7Xjp","Boyz II Men","1991-04-30","https://i.scdn.co/image/ab67616d0000b27373d0d8625dcf1e48043cfbf9","1","17","351466","https://p.scdn.co/mp3-preview/1a5089879c5a24a8c53d85e61d058c4f97a73b43?cid=9950ac751e34487dbbe027c4fd7f8e99","false","75","USMO19200465","spotify:user:tbgcqfyxjw0xuiffywit30yz3","2024-02-22T19:55:53Z"
"spotify:track:6e40mgJiCid5HRAGrbpGA6","I Want It That Way","spotify:artist:5rSXSAkZ67PYJSvpUpkOr7","Backstreet Boys","spotify:album:1NslKOZobWxINFaFkLol3r","The Hits--Chapter One","spotify:artist:5rSXSAkZ67PYJSvpUpkOr7","Backstreet Boys","2001-10-23","https://i.scdn.co/image/ab67616d0000b273c2f0d820b1113f9a243fb973","1","1","213600","https://p.scdn.co/mp3-preview/36a039f59995c71741cdd4e8d8249fbb9c429536?cid=9950ac751e34487dbbe027c4fd7f8e99","false","70","USJI19910614","spotify:user:tbgcqfyxjw0xuiffywit30yz3","2024-02-22T19:56:00Z"
"spotify:track:1gVgkQFOKa8Wc1HYsJtPdH","More Than Words","spotify:artist:6w7j5wQ5AI5OQYlcM15s2L","Extreme","spotify:album:7DKHQxJTI32UyCdDdGwvRC","Extreme II - Pornograffitti","spotify:artist:6w7j5wQ5AI5OQYlcM15s2L","Extreme","1990-01-01","https://i.scdn.co/image/ab67616d0000b273fb16b9b69eb891027654bcb1","1","5","334106","https://p.scdn.co/mp3-preview/271b123e8fb03d1ca301205f8c47ca13461c9ff0?cid=9950ac751e34487dbbe027c4fd7f8e99","false","78","USAM19090005","spotify:user:tbgcqfyxjw0xuiffywit30yz3","2024-02-22T19:56:05Z"
"spotify:track:2le9fblYnfoLr9dkZIsJUa","Baby, I Love Your Way","spotify:artist:0Jeckitay8SbvKwqAzWuYH","Big Mountain","spotify:album:079QiYtMEMsGPv0TNAWZPe","Unity","spotify:artist:0Jeckitay8SbvKwqAzWuYH","Big Mountain","1994-07-19","https://i.scdn.co/image/ab67616d0000b27319ffd46baee165d6b42b7810","1","7","249520","https://p.scdn.co/mp3-preview/33f0cba55205e1507d1fd3834c20ea226f14a07c?cid=9950ac751e34487dbbe027c4fd7f8e99","false","72","USGI19400026","spotify:user:tbgcqfyxjw0xuiffywit30yz3","2024-02-22T19:56:11Z"
"spotify:track:4WUnM4KNZ0kjp0CUeoyOnS","I Swear","spotify:artist:1B8ySGDAiXTCvnJNH4HSCG","All-4-One","spotify:album:4L5ZA0GukWNWjsk9b7HHDy","All-4-One","spotify:artist:1B8ySGDAiXTCvnJNH4HSCG","All-4-One","1994-01-01","https://i.scdn.co/image/ab67616d0000b2730a23b37b281f5dad95dda57d","1","4","259853","https://p.scdn.co/mp3-preview/261d429233ad5f69295d41d5a7a115a9b79c59ef?cid=9950ac751e34487dbbe027c4fd7f8e99","false","73","USAT29400058","spotify:user:tbgcqfyxjw0xuiffywit30yz3","2024-02-22T19:56:21Z"
"spotify:track:2K2M0TcglCRLLpFOzKeFZA","Sunshine Of Your Love","spotify:artist:74oJ4qxwOZvX6oSsu1DGnw","Cream","spotify:album:3W6CI0Lw7lElAPID2Fd3B4","Disraeli Gears (Deluxe Edition)","spotify:artist:74oJ4qxwOZvX6oSsu1DGnw","Cream","1967-11","https://i.scdn.co/image/ab67616d0000b273db1fb2dede292908e86d94d7","1","2","250400","https://p.scdn.co/mp3-preview/e860117e795dc984f43d781541e932c16676f986?cid=9950ac751e34487dbbe027c4fd7f8e99","false","73","GBA076700020","spotify:user:tbgcqfyxjw0xuiffywit30yz3","2024-02-22T19:56:49Z"
"spotify:track:790YJcgHlN3SaosQCHlWzn","Love Of My Life - Remastered 2011","spotify:artist:1dfeR4HaWDbWqFHLkxsg1d","Queen","spotify:album:6X9k3hSsvQck2OfKYdBbXr","A Night At The Opera (Deluxe Remastered Version)","spotify:artist:1dfeR4HaWDbWqFHLkxsg1d","Queen","1975-11-21","https://i.scdn.co/image/ab67616d0000b273ce4f1737bc8a646c8c4bd25a","1","9","217400","https://p.scdn.co/mp3-preview/8d6396edb133cbd3cd028164a105aed82a71b384?cid=9950ac751e34487dbbe027c4fd7f8e99","false","62","GBUM71100536","spotify:user:tbgcqfyxjw0xuiffywit30yz3","2024-02-22T19:57:05Z"
"spotify:track:4IU1RL4BKvFyXtbTwaHAvW","Ventura Highway","spotify:artist:35U9lQaRWSQISxQAB94Meo, spotify:artist:4Fgf6RvuWpiwDXSE7Vammx","America, George Martin","spotify:album:7eqBAR9pblivMBOI70q2um","Homecoming","spotify:artist:35U9lQaRWSQISxQAB94Meo","America","1972-01-01","https://i.scdn.co/image/ab67616d0000b273bd38946bde91df6d1b878d22","1","1","211386","https://p.scdn.co/mp3-preview/3f797fda2aa4c12461a7a57f6b57f01748d55c37?cid=9950ac751e34487dbbe027c4fd7f8e99","false","75","USWB19901795","spotify:user:tbgcqfyxjw0xuiffywit30yz3","2024-02-22T19:57:13Z"
"spotify:track:1Vv7ZtyDro81xmznV48gF6","Dancing In The Street","spotify:artist:1bs7HoMkSyQwcobCpE9KpN","The Mamas & The Papas","spotify:album:1hZFdLqAFWrEC8U8qsb6WK","The Mamas & The Papas","spotify:artist:1bs7HoMkSyQwcobCpE9KpN","The Mamas & The Papas","1966-08-30","https://i.scdn.co/image/ab67616d0000b2732586e8f6d11256488b6f43db","1","6","229106","https://p.scdn.co/mp3-preview/5ddc3da33feea919f6835a7cfa726657df63bab5?cid=9950ac751e34487dbbe027c4fd7f8e99","false","45","USMC16646377","spotify:user:tbgcqfyxjw0xuiffywit30yz3","2024-02-22T19:57:20Z"
"spotify:track:5IMtdHjJ1OtkxbGe4zfUxQ","Escape (The Pina Colada Song)","spotify:artist:0TqIPD4IS1w4e30R38B3vj","Rupert Holmes","spotify:album:163iYwl7Kdm9ayTnD4VyfN","Partners In Crime","spotify:artist:0TqIPD4IS1w4e30R38B3vj","Rupert Holmes","1979-01-01","https://i.scdn.co/image/ab67616d0000b273af7afb5c49afd3133fa2a6c9","1","1","276493","https://p.scdn.co/mp3-preview/401f9287bb59b5b87fb49025e3f9d3c5c73f3713?cid=9950ac751e34487dbbe027c4fd7f8e99","false","78","USMC17948997","spotify:user:tbgcqfyxjw0xuiffywit30yz3","2024-02-22T19:57:56Z"
"spotify:track:4k5FeWIdUaBx5OZdvrSYP1","Everywhere - 2017 Remaster","spotify:artist:08GQAI4eElDnROBrJRGE0X","Fleetwood Mac","spotify:album:7CWZNdANL2ZYQs3JfdxoM5","Tango in the Night (2017 Remaster)","spotify:artist:08GQAI4eElDnROBrJRGE0X","Fleetwood Mac","1987-04-14","https://i.scdn.co/image/ab67616d0000b273e8556a4e368fe3871df5de59","1","3","226653","https://p.scdn.co/mp3-preview/4921b87278a9e93cddc10310efadc09b5952da92?cid=9950ac751e34487dbbe027c4fd7f8e99","false","53","USRH11602189","spotify:user:tbgcqfyxjw0xuiffywit30yz3","2024-02-22T19:58:01Z"
"spotify:track:6Dk5fHTvH897XrVzCO64Mx","What You Won't Do for Love","spotify:artist:4V4Z3qMCwYofWHtip6ePF6","Bobby Caldwell","spotify:album:4pBJRxtR5TQe8hfsUgZ1r2","What You Won't Do for Love","spotify:artist:4V4Z3qMCwYofWHtip6ePF6","Bobby Caldwell","1978","https://i.scdn.co/image/ab67616d0000b2730f98789111606f77a27d6f67","1","6","286493","https://p.scdn.co/mp3-preview/506f4b71189caddd52150d8a7f4f0b1cfc23ef06?cid=9950ac751e34487dbbe027c4fd7f8e99","false","79","USA370532331","spotify:user:tbgcqfyxjw0xuiffywit30yz3","2024-02-22T19:58:09Z"
"spotify:track:2WiTmNRMk6Rqtc1alR3IkR","Joanna - Single Version","spotify:artist:3VNITwohbvU5Wuy5PC6dsI","Kool & The Gang","spotify:album:2vBpHUDhVTInqSLxkw9Kx2","Collected","spotify:artist:3VNITwohbvU5Wuy5PC6dsI","Kool & The Gang","2018-05-25","https://i.scdn.co/image/ab67616d0000b2737f29399efc7ee01e8c56936d","2","8","238893","https://p.scdn.co/mp3-preview/3c1cf46ba0e59e0484f245b9b57724baf8a5c473?cid=9950ac751e34487dbbe027c4fd7f8e99","false","54","USPR38300053","spotify:user:tbgcqfyxjw0xuiffywit30yz3","2024-02-22T19:58:40Z"
"spotify:track:4DiNls6kFmF1ZittKsPsTc","Mr. Telephone Man","spotify:artist:1mFX1QlezK1lNPKQJkhwWb","New Edition","spotify:album:68moCweQx7EoMvHdZ6HzDc","New Edition","spotify:artist:1mFX1QlezK1lNPKQJkhwWb","New Edition","1984-01-01","https://i.scdn.co/image/ab67616d0000b2734a53fad32813802c94bc0667","1","2","239160","https://p.scdn.co/mp3-preview/e71fd768c6cbb305d65863a6ced3eecbedf53d12?cid=9950ac751e34487dbbe027c4fd7f8e99","false","65","USWWW0130295","spotify:user:tbgcqfyxjw0xuiffywit30yz3","2024-02-22T19:58:51Z"
"spotify:track:1c5KZhtOAOH7eFOlBekNhS","I Like It","spotify:artist:6is2U7I1jlI8PjxNZOHIMV","DeBarge","spotify:album:0idikg3MAbtPVfX7wwfBBW","All This Love","spotify:artist:6is2U7I1jlI8PjxNZOHIMV","DeBarge","1982-04-28","https://i.scdn.co/image/ab67616d0000b2733e0fdb66fe1b2f43496eb3a7","1","3","279400","https://p.scdn.co/mp3-preview/27c687e70bc1af496656fef050d21d8e74d760bd?cid=9950ac751e34487dbbe027c4fd7f8e99","false","66","USMO18500567","spotify:user:tbgcqfyxjw0xuiffywit30yz3","2024-02-22T19:58:56Z"
"spotify:track:1QEEqeFIZktqIpPI4jSVSF","More Than a Feeling","spotify:artist:29kkCKKGXheHuoO829FxWK","Boston","spotify:album:2QLp07RO6anZHmtcKTEvSC","Boston","spotify:artist:29kkCKKGXheHuoO829FxWK","Boston","1976","https://i.scdn.co/image/ab67616d0000b2738c1fadcc997a65384f34d694","1","1","285133","https://p.scdn.co/mp3-preview/4e8704349932ecb754e3c03cdf3b1563309627a0?cid=9950ac751e34487dbbe027c4fd7f8e99","false","82","USSM17600941","spotify:user:tbgcqfyxjw0xuiffywit30yz3","2024-02-22T19:59:03Z"
"spotify:track:1xaTREM89RbIxkcjlpf4Uw","Heaven Knows I'm Miserable Now - 2011 Remaster","spotify:artist:3yY2gUcIsjMr8hjo51PoJ8","The Smiths","spotify:album:1j57Q5ntVi7crpibb0h4sv","Hatful of Hollow","spotify:artist:3yY2gUcIsjMr8hjo51PoJ8","The Smiths","1984","https://i.scdn.co/image/ab67616d0000b273786b44c75ebf915866523f5b","1","9","215760","https://p.scdn.co/mp3-preview/84514f304f702184728abfa31331d79e36856f82?cid=9950ac751e34487dbbe027c4fd7f8e99","false","78","GBCRL1100070","spotify:user:tbgcqfyxjw0xuiffywit30yz3","2024-02-22T19:59:10Z"
"spotify:track:75HwUwvuytzztzu3nW24D6","Our House - 2021 Remaster","spotify:artist:1CYsQCypByMVgnv17qsSbQ","Crosby\, Stills\, Nash & Young","spotify:album:3W2YH6i1ioXaS46nUkS7lB","Déjà Vu (50th Anniversary Deluxe Edition)","spotify:artist:1CYsQCypByMVgnv17qsSbQ","Crosby\, Stills\, Nash & Young","1970-03-11","https://i.scdn.co/image/ab67616d0000b273e320fb1a48679f545b215acb","1","7","180614","https://p.scdn.co/mp3-preview/a34b476c46c428db34296d6b1c2d3aca5892def6?cid=9950ac751e34487dbbe027c4fd7f8e99","false","42","USRH12002907","spotify:user:tbgcqfyxjw0xuiffywit30yz3","2024-02-22T19:59:15Z"
"spotify:track:5LkcAjqj5NOctNGi2qUjlw","Cool It Now","spotify:artist:1mFX1QlezK1lNPKQJkhwWb","New Edition","spotify:album:68moCweQx7EoMvHdZ6HzDc","New Edition","spotify:artist:1mFX1QlezK1lNPKQJkhwWb","New Edition","1984-01-01","https://i.scdn.co/image/ab67616d0000b2734a53fad32813802c94bc0667","1","1","347666","https://p.scdn.co/mp3-preview/457d476a9d145d9f8b36f1422db444de140a13b1?cid=9950ac751e34487dbbe027c4fd7f8e99","false","56","USMC18415797","spotify:user:tbgcqfyxjw0xuiffywit30yz3","2024-02-22T19:59:26Z"
"spotify:track:5ytPMYb6dkoli8sNSEsdmZ","Love Potion No. 9 - Remastered / Single Version","spotify:artist:0ckkj0a9CvIJr4h84B0OlN","The Clovers","spotify:album:6tfGv9PH9Kx1fKpp2dVe4y","The Best Of The Clovers (Love Potion No. 9)","spotify:artist:0ckkj0a9CvIJr4h84B0OlN","The Clovers","1991-08-10","https://i.scdn.co/image/ab67616d0000b273ce5b8505b2fce099377d2857","1","1","113200","https://p.scdn.co/mp3-preview/5c09bc9bc9f724fd50bc19e960fc1bdbb98ba15f?cid=9950ac751e34487dbbe027c4fd7f8e99","false","57","USEM39100219","spotify:user:tbgcqfyxjw0xuiffywit30yz3","2024-02-22T19:59:47Z"
"spotify:track:2drXvACELcvwryaFRiRPdA","Sh-Boom","spotify:artist:2iSZ41LUUYVcz5At9Xuz7T","The Chords","spotify:album:5MPJ9H0ko7mCsfjkyrg0xE","Life Could Be a Dream: The Sh-Boom Sound of The Chords","spotify:artist:2iSZ41LUUYVcz5At9Xuz7T","The Chords","2022-11-18","https://i.scdn.co/image/ab67616d0000b27315b2cfd135d4eaba438066ce","1","1","144493","https://p.scdn.co/mp3-preview/175ec162ff00951f976d25fb5e28ded46942e096?cid=9950ac751e34487dbbe027c4fd7f8e99","false","66","USAT20703265","spotify:user:tbgcqfyxjw0xuiffywit30yz3","2024-02-22T19:59:51Z"
"spotify:track:3YdKJzcoMZMacISlpY4QoP","I Only Have Eyes for You","spotify:artist:6iygtKnPG7TRvDaTYcLOd6","The Flamingos","spotify:album:6XEtlJFNCbNrIz1Q5kdLjZ","Flamingo Serenade","spotify:artist:6iygtKnPG7TRvDaTYcLOd6","The Flamingos","1959-08-11","https://i.scdn.co/image/ab67616d0000b2731ba2d22b62756c8c2d579c14","1","1","202773","https://p.scdn.co/mp3-preview/8b14a85d40cb09317394770b12a3420b5e3a53b2?cid=9950ac751e34487dbbe027c4fd7f8e99","false","70","USRH10551968","spotify:user:tbgcqfyxjw0xuiffywit30yz3","2024-02-22T19:59:56Z"
"spotify:track:65jrjEhWfAvysKfnojk1i0","Under the Boardwalk","spotify:artist:1FqqOl9itIUpXr4jZPIVoT","The Drifters","spotify:album:7AgI5vniflcbh86Znea7yM","Under the Boardwalk","spotify:artist:1FqqOl9itIUpXr4jZPIVoT","The Drifters","1964-06-01","https://i.scdn.co/image/ab67616d0000b27393e3fc20b2818c4ab7d5dc29","1","2","161960","https://p.scdn.co/mp3-preview/0c1f37e17a360f912960aaf1c2080590d67ec0d6?cid=9950ac751e34487dbbe027c4fd7f8e99","false","71","USAT20001017","spotify:user:tbgcqfyxjw0xuiffywit30yz3","2024-02-22T20:00:00Z"
"spotify:track:4eGlvsFXmFqdJrVXe9FbgD","Build Me Up Buttercup","spotify:artist:4GITZM5LCR2KcdlgEOrNLD","The Foundations","spotify:album:0tvm3lygYS8TWU0x8nBKmc","From the Foundations (Expanded Edition)","spotify:artist:4GITZM5LCR2KcdlgEOrNLD","The Foundations","1967-01-01","https://i.scdn.co/image/ab67616d0000b2735f57bff1e4ec555cc2560e0d","1","28","177519","https://p.scdn.co/mp3-preview/6cb2e3db271bac2e2955cbdb31eb3a38b19c8211?cid=9950ac751e34487dbbe027c4fd7f8e99","false","39","GBAJE6800059","spotify:user:tbgcqfyxjw0xuiffywit30yz3","2024-02-22T20:00:06Z"
"spotify:track:0bhwnn2xqnBUcMZDcXNuII","Hey Lover","spotify:artist:4Fgj7fAOMYS3rMV4cUN2On","The Daughters Of Eve","spotify:album:40RGCmiNjNqOAQjeMDdCWE","Hey Lover / Stand by Me","spotify:artist:4Fgj7fAOMYS3rMV4cUN2On","The Daughters Of Eve","1966-02-05","https://i.scdn.co/image/ab67616d0000b273c148a2f0d30a396bc2cc359f","1","1","144000","https://p.scdn.co/mp3-preview/3a1a9f68ac1a1221ed57c9d24e239a55c12b9192?cid=9950ac751e34487dbbe027c4fd7f8e99","false","76","QM4TW2176822","spotify:user:tbgcqfyxjw0xuiffywit30yz3","2024-02-22T20:00:12Z"
"spotify:track:560OsnDa7tpsK2B0krVlOP","This Will Be Our Year","spotify:artist:2jgPkn6LuUazBoBk6vvjh5","The Zombies","spotify:album:6XqM4NINcx3oc7NhOUKxXp","Odessey and Oracle","spotify:artist:2jgPkn6LuUazBoBk6vvjh5","The Zombies","1968","https://i.scdn.co/image/ab67616d0000b2738b9b76a1f9a06cebe9c81b3c","1","9","127733","https://p.scdn.co/mp3-preview/0fadab10d79ab436ca28331dca8bec18b63c5bcd?cid=9950ac751e34487dbbe027c4fd7f8e99","false","47","GBCBS6732267","spotify:user:tbgcqfyxjw0xuiffywit30yz3","2024-02-22T20:00:20Z"
"spotify:track:6FEKEO3y7QFcMwoGeR0GtU","Crimson & Clover","spotify:artist:01hRNr3yF5bYnPq4wZ88iI","Tommy James & The Shondells","spotify:album:5IL9KRDDd1L4m6f9SKS0yN","Tommy James and The Shondells: Anthology","spotify:artist:01hRNr3yF5bYnPq4wZ88iI","Tommy James & The Shondells","1989","https://i.scdn.co/image/ab67616d0000b273d5813bb286cda88335ad5d1e","1","19","209800","https://p.scdn.co/mp3-preview/98c8534798264d513c2625ae683a031aef8949e6?cid=9950ac751e34487dbbe027c4fd7f8e99","false","57","USRH10404548","spotify:user:tbgcqfyxjw0xuiffywit30yz3","2024-02-22T20:08:27Z"
"spotify:track:0n2pjCIMKwHSXoYfEbYMfX","You Are The Sunshine Of My Life","spotify:artist:7guDJrEfX3qb6FEbdPA5qi","Stevie Wonder","spotify:album:3PResMqFgQYBfzTnqTKwQw","Talking Book","spotify:artist:7guDJrEfX3qb6FEbdPA5qi","Stevie Wonder","1972-10-28","https://i.scdn.co/image/ab67616d0000b273a14b08b9a6616e121df5e8b0","1","1","178200","https://p.scdn.co/mp3-preview/cb97eb145b2c4bdd0133ba962443f7c1de23f747?cid=9950ac751e34487dbbe027c4fd7f8e99","false","73","USMO17282852","spotify:user:tbgcqfyxjw0xuiffywit30yz3","2024-02-22T20:08:45Z"
"spotify:track:5Qhfo6ZqoA2oPF5uFf43L3","Silly Love Songs","spotify:artist:3sFhA6G1N0gG1pszb6kk1m","Wings","spotify:album:0gOV46yCRVgdehR1SnFtuy","Wingspan","spotify:artist:4STHEaNw4mPZ2tzheohgXB","Paul McCartney","2001-05-07","https://i.scdn.co/image/ab67616d0000b2739ffa84889ead8579d832436b","1","7","354266","https://p.scdn.co/mp3-preview/7143868294a71dbc20846a38760dbac49d152a8d?cid=9950ac751e34487dbbe027c4fd7f8e99","false","49","GBCCS0100900","spotify:user:tbgcqfyxjw0xuiffywit30yz3","2024-02-22T20:09:29Z"
"spotify:track:70wYA8oYHoMzhRRkARoMhU","When You Were Young","spotify:artist:0C0XlULifJtAgn6ZNCW2eu","The Killers","spotify:album:4o3RJndRhHxkieQzQGhmbw","Sam's Town","spotify:artist:0C0XlULifJtAgn6ZNCW2eu","The Killers","2006-09-27","https://i.scdn.co/image/ab67616d0000b2734f87f14089217e3f70a5f39e","1","3","220426","https://p.scdn.co/mp3-preview/314efbfac26df58f98898087eaa9f56ae2dca944?cid=9950ac751e34487dbbe027c4fd7f8e99","false","81","USUM70605164","spotify:user:tbgcqfyxjw0xuiffywit30yz3","2024-02-22T20:09:53Z"
"spotify:track:6PwjJ58I4t7Mae9xfZ9l9v","Somebody Told Me","spotify:artist:0C0XlULifJtAgn6ZNCW2eu","The Killers","spotify:album:4piJq7R3gjUOxnYs6lDCTg","Hot Fuss","spotify:artist:0C0XlULifJtAgn6ZNCW2eu","The Killers","2004","https://i.scdn.co/image/ab67616d0000b273ccdddd46119a4ff53eaf1f5d","1","4","197200","https://p.scdn.co/mp3-preview/9d5dccc54383f11aace0193ad05d28f6573be190?cid=9950ac751e34487dbbe027c4fd7f8e99","false","85","USIR20400195","spotify:user:tbgcqfyxjw0xuiffywit30yz3","2024-02-22T20:09:59Z"
"spotify:track:1WDgdCoNSN0fosaTaLGXKU","Takin' It to the Streets","spotify:artist:39T6qqI0jDtSWWioX8eGJz, spotify:artist:0vn7UBvSQECKJm2817Yf1P","The Doobie Brothers, James Taylor","spotify:album:6yXfAEtkB6MUyhRkiGg5X2","Takin' It to the Streets","spotify:artist:39T6qqI0jDtSWWioX8eGJz","The Doobie Brothers","1976-03-12","https://i.scdn.co/image/ab67616d0000b273d753838669bd212bae73e167","1","2","231600","https://p.scdn.co/mp3-preview/27381ce501815b5ca95c8cc027c878b2ccdee592?cid=9950ac751e34487dbbe027c4fd7f8e99","false","61","USWB10105079","spotify:user:tbgcqfyxjw0xuiffywit30yz3","2024-02-22T20:10:13Z"
"spotify:track:0RgcOUQg4qYAEt9RIdf3oB","Shining Star","spotify:artist:4QQgXkCYTt3BlENzhyNETg","Earth\, Wind & Fire","spotify:album:5tXZfxvr2VaWibD74nw8VL","That's The Way Of The World","spotify:artist:4QQgXkCYTt3BlENzhyNETg","Earth\, Wind & Fire","1975-03-15","https://i.scdn.co/image/ab67616d0000b27330bb42e5271f2e046fd36972","1","1","170160","https://p.scdn.co/mp3-preview/e1a2b0cf7a0d37f8c3734a2d94924ae8677f9a7b?cid=9950ac751e34487dbbe027c4fd7f8e99","false","67","USSM17400660","spotify:user:tbgcqfyxjw0xuiffywit30yz3","2024-02-22T20:10:21Z"
"spotify:track:6JHXiRD1QjMK1N6AQEnL04","Biggest Part of Me","spotify:artist:0J2Ej2rMQyqaUX3G6MUISw","Ambrosia","spotify:album:4WsQBaO2DLvDZ5VRmsXbUH","One Eighty","spotify:artist:0J2Ej2rMQyqaUX3G6MUISw","Ambrosia","1980-03-26","https://i.scdn.co/image/ab67616d0000b2730736c6f7e55f0bbe4b5f8497","1","9","324040","https://p.scdn.co/mp3-preview/881049d7c8b8c47468326b0b1a4c57e70ff28944?cid=9950ac751e34487dbbe027c4fd7f8e99","false","66","USWB18000096","spotify:user:tbgcqfyxjw0xuiffywit30yz3","2024-02-22T20:10:31Z"
"spotify:track:2ozTcQyZQmm9tSmc4VZfwU","Laughter In The Rain","spotify:artist:5N6GwJzOcOY5kv8p0NjhYL","Neil Sedaka","spotify:album:4MQXUCdpFPqi1jsM4N8aSR","The Definitive Collection","spotify:artist:5N6GwJzOcOY5kv8p0NjhYL","Neil Sedaka","2007-04-24","https://i.scdn.co/image/ab67616d0000b2732aeac9062e6df333ffece887","1","10","170066","https://p.scdn.co/mp3-preview/35fd544f8df7194e1e1cab56046da09204c1031e?cid=9950ac751e34487dbbe027c4fd7f8e99","false","69","USRZR0796810","spotify:user:tbgcqfyxjw0xuiffywit30yz3","2024-02-22T20:10:36Z"
"spotify:track:5qBqBdfTEIWJwAS0Jm2F5R","Turn! Turn! Turn! (To Everything There Is a Season)","spotify:artist:1PCZpxHJz7WAMF8EEq8bfc","The Byrds","spotify:album:3v0i9qyogPoQEQj2bG6Fmn","Turn! Turn! Turn!","spotify:artist:1PCZpxHJz7WAMF8EEq8bfc","The Byrds","1965-12-06","https://i.scdn.co/image/ab67616d0000b2738ebc5d5d4fcf960b083af081","1","1","229360","https://p.scdn.co/mp3-preview/3f3bf52def6a49c663cce845bd6e1180992078f0?cid=9950ac751e34487dbbe027c4fd7f8e99","false","67","USSM16500041","spotify:user:tbgcqfyxjw0xuiffywit30yz3","2024-02-22T20:10:41Z"
"spotify:track:37oLDb3119IdKSIFQmSGRj","Minute by Minute","spotify:artist:39T6qqI0jDtSWWioX8eGJz","The Doobie Brothers","spotify:album:7je2uv9QBH65HhADDZitbB","Minute by Minute","spotify:artist:39T6qqI0jDtSWWioX8eGJz","The Doobie Brothers","1978","https://i.scdn.co/image/ab67616d0000b273ba6340ac3b1653b6ea0e5da5","1","3","206973","https://p.scdn.co/mp3-preview/eff4b7dd258833e3daf74f0e358fda5ba042dc99?cid=9950ac751e34487dbbe027c4fd7f8e99","false","59","USWB10902442","spotify:user:tbgcqfyxjw0xuiffywit30yz3","2024-02-22T20:17:26Z"
"spotify:track:2BY7ALEWdloFHgQZG6VMLA","Brandy (You're a Fine Girl)","spotify:artist:5jJN1nmKXzRjodMl1THQeI","Looking Glass","spotify:album:5ThwnbpYrk9R1xXkAGCLIs","Looking Glass","spotify:artist:5jJN1nmKXzRjodMl1THQeI","Looking Glass","1972","https://i.scdn.co/image/ab67616d0000b2734c95b7cf28c3015c914218e4","1","2","186826","https://p.scdn.co/mp3-preview/0e7f01cc3908ccf6a70822b81a8d1834822cb1fc?cid=9950ac751e34487dbbe027c4fd7f8e99","false","77","USSM10903222","spotify:user:tbgcqfyxjw0xuiffywit30yz3","2024-02-22T20:17:38Z"
"spotify:track:7i3xpu7SFWvzhGa9AZyySR","Reminiscing - Remastered 2010","spotify:artist:6clbbhnIqpHnqxwtOWcilg","Little River Band","spotify:album:5XXymqS9NunPlUbovZK8WJ","Sleeper Catcher (Remastered 2022)","spotify:artist:6clbbhnIqpHnqxwtOWcilg","Little River Band","1978","https://i.scdn.co/image/ab67616d0000b273ad53be7d2ec379399660c1ec","1","6","257868","https://p.scdn.co/mp3-preview/3d98390b33f85ed06fc678485ff587de4ea6e43e?cid=9950ac751e34487dbbe027c4fd7f8e99","false","70","AUEM01000133","spotify:user:tbgcqfyxjw0xuiffywit30yz3","2024-02-22T20:17:45Z"
"spotify:track:7tBlvnHLTox3S0yB6nIV2Q","Lazy Nina","spotify:artist:6WOxIudswU8kNC2LrpeiWu","Greg Phillinganes","spotify:album:2keWhx31zk5DnCvRCD5Lg4","Pulse (Expanded Edition)","spotify:artist:6WOxIudswU8kNC2LrpeiWu","Greg Phillinganes","1984","https://i.scdn.co/image/ab67616d0000b273a0791677cdddb2dbeb8f92e7","1","6","326613","https://p.scdn.co/mp3-preview/946b7a9ccbd75e6352c35bca6e82b2de41a00209?cid=9950ac751e34487dbbe027c4fd7f8e99","false","48","USRC18404666","spotify:user:tbgcqfyxjw0xuiffywit30yz3","2024-02-22T20:17:51Z"
"spotify:track:1Ehdm1PDlKrdfyBsjwEvd1","Top Of The World","spotify:artist:1eEfMU2AhEo7XnKgL7c304","Carpenters","spotify:album:1nA6Exnq2mWD8678q3E4Ov","A Song For You","spotify:artist:1eEfMU2AhEo7XnKgL7c304","Carpenters","1972","https://i.scdn.co/image/ab67616d0000b27375fc0e961ba2028df4787966","1","2","179173","https://p.scdn.co/mp3-preview/80762f7aa08153bef800c08b6b53d3a915838ec2?cid=9950ac751e34487dbbe027c4fd7f8e99","false","71","USAM17200071","spotify:user:tbgcqfyxjw0xuiffywit30yz3","2024-02-22T20:18:12Z"
"spotify:track:7056gVvC7P3PpltHgippd2","The Tide Is High - Stereo Version","spotify:artist:5sCZ2Gc3nZaE3Cav8WG7WG","The Paragons","spotify:album:5OegFjiVvk3WecDO5Bofbw","On the Beach: The Anthology","spotify:artist:5sCZ2Gc3nZaE3Cav8WG7WG","The Paragons","1967-01-01","https://i.scdn.co/image/ab67616d0000b273601f12c69021f02bbfa9bc04","1","4","161973","https://p.scdn.co/mp3-preview/87c59646daaf42e22a37022030154bb5bab3d3e2?cid=9950ac751e34487dbbe027c4fd7f8e99","false","13","GBAJE6700230","spotify:user:tbgcqfyxjw0xuiffywit30yz3","2024-02-22T20:18:27Z"
"spotify:track:0OYf62rdwDouKohtCALD55","wachito rico","spotify:artist:7wbkl3zgDZEoZer357mVIw","boy pablo","spotify:album:3PwdobIILbq5GSoptbJrK5","Wachito Rico","spotify:artist:7wbkl3zgDZEoZer357mVIw","boy pablo","2020-10-23","https://i.scdn.co/image/ab67616d0000b2732dec0426c3e27a180d7f894c","1","11","214146","https://p.scdn.co/mp3-preview/073f3bf38b3d32b3ea7651376c7fb4fc4b8a333a?cid=9950ac751e34487dbbe027c4fd7f8e99","false","52","NO8WZ2005110","spotify:user:tbgcqfyxjw0xuiffywit30yz3","2024-02-22T20:18:56Z"
"spotify:track:1xNknVNOolLB4oQeEtNBX2","Hello Hello Hello","spotify:artist:0NB5HROxc8dDBXpkIi1v3d","Remi Wolf","spotify:album:23JijmRgLWloEMnFUwHJa2","I'm Allergic To Dogs!","spotify:artist:0NB5HROxc8dDBXpkIi1v3d","Remi Wolf","2020-06-24","https://i.scdn.co/image/ab67616d0000b2730e68fefa1408603f54a4d664","1","3","172023","https://p.scdn.co/mp3-preview/c474f4aad859ed1940afe5d646c5ceef21ecea28?cid=9950ac751e34487dbbe027c4fd7f8e99","true","57","USUG12002141","spotify:user:tbgcqfyxjw0xuiffywit30yz3","2024-02-22T20:19:09Z"
"spotify:track:1h3ODYcDJly0H53W2Ai42Q","Electric U","spotify:artist:5CXdWANGwYYRPClH6hhC0P","Kid Bloom","spotify:album:5ZHpLNkTHkhNhuDwQbpFwY","Electric U","spotify:artist:5CXdWANGwYYRPClH6hhC0P","Kid Bloom","2016-06-07","https://i.scdn.co/image/ab67616d0000b273159b01b1c34ef9b3da243981","1","1","171696","https://p.scdn.co/mp3-preview/0cae51aa7de3dbe73950d15e5ade00a61cee0fb5?cid=9950ac751e34487dbbe027c4fd7f8e99","false","67","QM2PV1607689","spotify:user:tbgcqfyxjw0xuiffywit30yz3","2024-02-22T20:19:15Z"
"spotify:track:2PDbclpGtfoghWjQF0q5cW","Buzz Me In","spotify:artist:0NB5HROxc8dDBXpkIi1v3d","Remi Wolf","spotify:album:7tJ8Wtej161vR0uCbGDiDR","Juno","spotify:artist:0NB5HROxc8dDBXpkIi1v3d","Remi Wolf","2021-10-15","https://i.scdn.co/image/ab67616d0000b27316a6cb93e32bf2ae66b1f5b2","1","12","166317","https://p.scdn.co/mp3-preview/f9a23c1ece1eaa189e870b0acaf537a4868c0438?cid=9950ac751e34487dbbe027c4fd7f8e99","false","52","USUG12103584","spotify:user:tbgcqfyxjw0xuiffywit30yz3","2024-02-22T20:19:20Z"
"spotify:track:6kcHg7XL6SKyPNd78daRBL","Sweet Talk","spotify:artist:1dWEYMPtNmvSVaDNLgB6NV","Saint Motel","spotify:album:43URJ507cdoIRy3GJdfxjs","saintmotelevision","spotify:artist:1dWEYMPtNmvSVaDNLgB6NV","Saint Motel","2016-10-21","https://i.scdn.co/image/ab67616d0000b27325dd1a3969c0912291b6fc7b","1","5","192040","https://p.scdn.co/mp3-preview/8b222ff67bf8aa3e7de6a4f410b5e9d53e1afe29?cid=9950ac751e34487dbbe027c4fd7f8e99","false","67","USAT21602338","spotify:user:tbgcqfyxjw0xuiffywit30yz3","2024-02-22T20:19:42Z"
"spotify:track:7kNNylJ1kswWbHeRM6UDuE","Blinded By The Light","spotify:artist:2utNxkLhreF1oIfO8kQT3q","Manfred Mann's Earth Band","spotify:album:1qVP93dewrI7bukJAFPIvV","The Roaring Silence","spotify:artist:2utNxkLhreF1oIfO8kQT3q","Manfred Mann's Earth Band","1976","https://i.scdn.co/image/ab67616d0000b273a9029d18d0fd90f8bfa72687","1","1","428133","https://p.scdn.co/mp3-preview/f2438c47df8cf1e4e9f9a987a155e13748e98e56?cid=9950ac751e34487dbbe027c4fd7f8e99","false","67","USWB10800347","spotify:user:tbgcqfyxjw0xuiffywit30yz3","2024-02-22T20:19:52Z"
"spotify:track:5nDSJO4909uNzMcZH3CggS","Hard to Say I'm Sorry - 2009 Remaster","spotify:artist:3iDD7bnsjL9J4fO298r0L0","Chicago","spotify:album:1I5t0om003Ikyhs8Ks3t8C","Chicago 16 (Expanded Edition)","spotify:artist:3iDD7bnsjL9J4fO298r0L0","Chicago","1982-06-07","https://i.scdn.co/image/ab67616d0000b2734b557f4ed73a780583c5af69","1","12","221826","https://p.scdn.co/mp3-preview/2df49031242a02df2258a87d6c7f036961989390?cid=9950ac751e34487dbbe027c4fd7f8e99","false","61","USWB10905043","spotify:user:tbgcqfyxjw0xuiffywit30yz3","2024-02-22T20:20:00Z"
"spotify:track:0KMGxYKeUzK9wc5DZCt3HT","If You Leave Me Now","spotify:artist:3iDD7bnsjL9J4fO298r0L0","Chicago","spotify:album:4asBn7hzIq2Ka7rDzJN24P","Chicago X","spotify:artist:3iDD7bnsjL9J4fO298r0L0","Chicago","1976-06-14","https://i.scdn.co/image/ab67616d0000b2731de27f12958ceb8b1f65461a","1","4","235373","https://p.scdn.co/mp3-preview/0c2f81d7582232eac12276cc093f67583b9a81d7?cid=9950ac751e34487dbbe027c4fd7f8e99","false","80","USRH10285535","spotify:user:tbgcqfyxjw0xuiffywit30yz3","2024-02-22T20:20:04Z"
"spotify:track:36lkJSDyMEZoWTqtRj8Q8q","You're the Inspiration - 2006 Remaster","spotify:artist:3iDD7bnsjL9J4fO298r0L0","Chicago","spotify:album:1ICKrl6sDjJD1YdR9VDfPR","Chicago 17 (Expanded & Remastered)","spotify:artist:3iDD7bnsjL9J4fO298r0L0","Chicago","1984-05-14","https://i.scdn.co/image/ab67616d0000b273192f3a588427f2cbf8365506","1","7","229240","https://p.scdn.co/mp3-preview/da2133abe8aa91b9fdcb911bfb6a2bda3fe293b1?cid=9950ac751e34487dbbe027c4fd7f8e99","false","78","USWB10603152","spotify:user:tbgcqfyxjw0xuiffywit30yz3","2024-02-22T20:20:11Z"
"spotify:track:4ZKgPZ9d4V5WW6H2s4qMD3","Lola - 2020 Stereo Remaster","spotify:artist:1SQRv42e4PjEYfPhS0Tk9E","The Kinks","spotify:album:70kpGi2o0I7NY4DfwIN2p0","Lola Versus Powerman and the Moneygoround, Pt. 1","spotify:artist:1SQRv42e4PjEYfPhS0Tk9E","The Kinks","1970-11-27","https://i.scdn.co/image/ab67616d0000b273ab278571ff1714d21f9440f3","1","5","241991","https://p.scdn.co/mp3-preview/f94cad9e017ec344d390fe1d9c0c6034abbda35f?cid=9950ac751e34487dbbe027c4fd7f8e99","false","38","GB5KW2001995","spotify:user:tbgcqfyxjw0xuiffywit30yz3","2024-02-22T20:20:16Z"
"spotify:track:4pCNJwixy2ImFncaPY2yE2","Love Will Keep Us Together","spotify:artist:7BEfMxbaqx6dOpbtlEqScm","Captain & Tennille","spotify:album:3GUxesVyOehInaxJyCTh6d","Love Will Keep Us Together","spotify:artist:7BEfMxbaqx6dOpbtlEqScm","Captain & Tennille","1975-01-01","https://i.scdn.co/image/ab67616d0000b273e21a289d04d5f3d623807bee","1","1","205493","https://p.scdn.co/mp3-preview/550f17f346cc82c26e16c6a3028447673129dcd4?cid=9950ac751e34487dbbe027c4fd7f8e99","false","66","USAM17500299","spotify:user:tbgcqfyxjw0xuiffywit30yz3","2024-02-22T20:20:23Z"
"spotify:track:0qxYx4F3vm1AOnfux6dDxP","You Can Call Me Al","spotify:artist:2CvCyf1gEVhI0mX6aFXmVI","Paul Simon","spotify:album:6WgGWYw6XXQyLTsWt7tXky","Graceland (25th Anniversary Deluxe Edition)","spotify:artist:2CvCyf1gEVhI0mX6aFXmVI","Paul Simon","1986-08-12","https://i.scdn.co/image/ab67616d0000b27309880a7b8636c5a0615dc0c8","1","6","280000","https://p.scdn.co/mp3-preview/6a17ed2e1ee8d45a933c4a86dd268ba8f12299a4?cid=9950ac751e34487dbbe027c4fd7f8e99","false","78","USSM11002274","spotify:user:tbgcqfyxjw0xuiffywit30yz3","2024-02-22T20:20:28Z"
"spotify:track:6XK6Zw6JkFsHXzAcMWNiIr","Send Me On My Way","spotify:artist:2M3vnW1p5w4uPRkLYTbvdB","Rusted Root","spotify:album:2LjYjQN5yVZYiZNDIVIKDf","When I Woke","spotify:artist:2M3vnW1p5w4uPRkLYTbvdB","Rusted Root","1994-01-01","https://i.scdn.co/image/ab67616d0000b27379e5734d0c151415e3fa8d6f","1","3","263360","https://p.scdn.co/mp3-preview/673c4f031b54b96d15023d5af17df24e0b1bf220?cid=9950ac751e34487dbbe027c4fd7f8e99","false","73","USPR39402077","spotify:user:tbgcqfyxjw0xuiffywit30yz3","2024-02-22T20:20:34Z"
"spotify:track:3rsq3qtqNBId48c0IVraTS","Pay No Mind (feat. Passion Pit)","spotify:artist:4pb4rqWSoGUgxm63xmJ8xc, spotify:artist:7gjAu1qr5C2grXeQFFOGeh","Madeon, Passion Pit","spotify:album:3uKLwDjku2Us0c81LEmftR","Adventure (Deluxe)","spotify:artist:4pb4rqWSoGUgxm63xmJ8xc","Madeon","2015-03-30","https://i.scdn.co/image/ab67616d0000b27392cb28b37837c67dffe602f9","1","5","249440","https://p.scdn.co/mp3-preview/29e4fa3d1476e4ceb8c2797444f9e44eaeb94ae0?cid=9950ac751e34487dbbe027c4fd7f8e99","false","50","GBARL1401771","spotify:user:tbgcqfyxjw0xuiffywit30yz3","2024-02-22T20:20:41Z"
"spotify:track:0dFwiyWPwC2yML3ZH7B56V","Baby Queen","spotify:artist:3AA28KZvwAUcZuOKwyblJQ","Gorillaz","spotify:album:6WHjLRAwmnJv2cHqVZrmOt","Baby Queen","spotify:artist:3AA28KZvwAUcZuOKwyblJQ","Gorillaz","2022-11-04","https://i.scdn.co/image/ab67616d0000b273f4a011f68e92ac913d1c7b0c","1","1","220105","https://p.scdn.co/mp3-preview/610dba877d976096756bc4277d43c194b609046d?cid=9950ac751e34487dbbe027c4fd7f8e99","false","54","GBAYE2200463","spotify:user:tbgcqfyxjw0xuiffywit30yz3","2024-02-22T20:20:46Z"
"spotify:track:4gRA0i5sxx3jAhHaVjPnUN","Use Me","spotify:artist:1ThoqLcyIYvZn7iWbj8fsj","Bill Withers","spotify:album:0sFuW4rH5mFZUjNKnckO3v","Still Bill","spotify:artist:1ThoqLcyIYvZn7iWbj8fsj","Bill Withers","1972-05-01","https://i.scdn.co/image/ab67616d0000b27398e08f603553915a041b6937","1","4","228326","https://p.scdn.co/mp3-preview/ba61f8c345b7d1acf572007eeb79c2c697a6f9cf?cid=9950ac751e34487dbbe027c4fd7f8e99","false","70","USSM10207818","spotify:user:tbgcqfyxjw0xuiffywit30yz3","2024-02-22T20:20:51Z"
"spotify:track:1ko2lVN0vKGUl9zrU0qSlT","Just the Two of Us (feat. Bill Withers)","spotify:artist:05YVYeV4HxYp5rrWalvuE1, spotify:artist:1ThoqLcyIYvZn7iWbj8fsj","Grover Washington\, Jr., Bill Withers","spotify:album:1lKYaRbV0AayVPss9i4oOp","Anthology","spotify:artist:05YVYeV4HxYp5rrWalvuE1","Grover Washington\, Jr.","1985","https://i.scdn.co/image/ab67616d0000b273472fbc1d5743c7d3c75b9ec0","1","6","438493","https://p.scdn.co/mp3-preview/0b8c95f421393a3fca43687498e15ad0b1e1f4d6?cid=9950ac751e34487dbbe027c4fd7f8e99","false","78","USEE19901162","spotify:user:tbgcqfyxjw0xuiffywit30yz3","2024-02-22T20:20:58Z"
"spotify:track:2fvdQ1Uq04qE4RLN5zKBXS","Disco Yes","spotify:artist:1uiEZYehlNivdK3iQyAbye, spotify:artist:6oPQiSj92N4mk5jXLtX1bl","Tom Misch, Poppy Ajudha","spotify:album:0hDnsNkxpMDZrpBlGjldtW","Geography","spotify:artist:1uiEZYehlNivdK3iQyAbye","Tom Misch","2018-04-06","https://i.scdn.co/image/ab67616d0000b273abe203531eac29d17260966f","1","8","280878","https://p.scdn.co/mp3-preview/3dbeef86565944133d55960810ef00bc8e22efb5?cid=9950ac751e34487dbbe027c4fd7f8e99","false","63","GBKPL1790990","spotify:user:tbgcqfyxjw0xuiffywit30yz3","2024-02-22T20:21:07Z"
"spotify:track:3ZP18us6p6LHOZMG1LLUjF","How Deep Is Your Love","spotify:artist:1LZEQNv7sE11VDY3SdxQeN","Bee Gees","spotify:album:4vAhQeeWkSjVn0p5GAaLBx","How Can You Mend A Broken Heart","spotify:artist:1LZEQNv7sE11VDY3SdxQeN","Bee Gees","2020-12-11","https://i.scdn.co/image/ab67616d0000b273bdcea025a483b9642f17a9f8","1","18","241093","https://p.scdn.co/mp3-preview/8e12d151daf04babb750f8c6705a0c1815fade9c?cid=9950ac751e34487dbbe027c4fd7f8e99","false","66","NLF057790012","spotify:user:tbgcqfyxjw0xuiffywit30yz3","2024-02-22T20:21:14Z"
"spotify:track:10RYjfeUQqkvU5PO2HCgJu","LEMONHEAD","spotify:artist:5CXdWANGwYYRPClH6hhC0P","Kid Bloom","spotify:album:3OXhXbACx8kLQKwvUrUFDi","LEMONHEAD","spotify:artist:5CXdWANGwYYRPClH6hhC0P","Kid Bloom","2019-08-02","https://i.scdn.co/image/ab67616d0000b2734088d91292fa758ac201a111","1","1","211333","https://p.scdn.co/mp3-preview/7b1760b40df8c4a676d43fa310f2d49433d8e0ac?cid=9950ac751e34487dbbe027c4fd7f8e99","false","0","USHM81901936","spotify:user:tbgcqfyxjw0xuiffywit30yz3","2024-02-22T20:21:21Z"
"spotify:track:1iFp2OACJ3IrsSSuHi2Sly","Middle Ground","spotify:artist:5CXdWANGwYYRPClH6hhC0P","Kid Bloom","spotify:album:2DNRfz3BaPR4rvOkNJBEX1","Highway","spotify:artist:5CXdWANGwYYRPClH6hhC0P","Kid Bloom","2022-06-03","https://i.scdn.co/image/ab67616d0000b273d5c8bd1f0a5a580b2c80bc69","1","4","172666","https://p.scdn.co/mp3-preview/e244d4a9a1276c85bad36b1a02aa66f693829f29?cid=9950ac751e34487dbbe027c4fd7f8e99","false","15","US43C1624993","spotify:user:tbgcqfyxjw0xuiffywit30yz3","2024-02-22T20:21:27Z"
"spotify:track:6PftSaJIUfDKLoxCHpBvqs","Happiness In Liquid Form","spotify:artist:6QzMY3tnu0m56eKUnr4uCF","Alfie Templeman","spotify:album:4ljntV811kHlKHhtIctvcG","Happiness in Liquid Form","spotify:artist:6QzMY3tnu0m56eKUnr4uCF","Alfie Templeman","2020-07-17","https://i.scdn.co/image/ab67616d0000b273cc3916e33f145d99541c4605","1","1","212824","https://p.scdn.co/mp3-preview/fef439e4d61ede9c0289a52e1ebdbac823ad2a8a?cid=9950ac751e34487dbbe027c4fd7f8e99","false","57","GBKPL2091260","spotify:user:tbgcqfyxjw0xuiffywit30yz3","2024-02-22T20:21:36Z"
"spotify:track:1x1XQqhBViz4opcpwc7FVs","Reelin' In The Years","spotify:artist:6P7H3ai06vU1sGvdpBwDmE","Steely Dan","spotify:album:6DlSUW5gmq6Byc3osKDJ2p","Can't Buy A Thrill","spotify:artist:6P7H3ai06vU1sGvdpBwDmE","Steely Dan","1972-11-01","https://i.scdn.co/image/ab67616d0000b2730ddd7e736f870994f4707947","1","6","277467","https://p.scdn.co/mp3-preview/08fcfd47f12bef5b57ec18eb4a9e4b11481392c3?cid=9950ac751e34487dbbe027c4fd7f8e99","false","76","USMC17347184","spotify:user:tbgcqfyxjw0xuiffywit30yz3","2024-02-22T20:21:50Z"
"spotify:track:7n6biK1HTuLfsNZv7LVFZa","Hummus and Pitta","spotify:artist:5ryYQaYPltS7u7tjByRM3K","Bilk","spotify:album:7G2IyVdw8K2clKwdNvAF7v","Hummus and Pitta","spotify:artist:5ryYQaYPltS7u7tjByRM3K","Bilk","2022-06-17","https://i.scdn.co/image/ab67616d0000b273d68c483a548810fee6e2679b","1","1","137319","https://p.scdn.co/mp3-preview/f03787faccef5e6eb689a7819bcd454dc3c7f36a?cid=9950ac751e34487dbbe027c4fd7f8e99","true","26","FR96X2296997","spotify:user:tbgcqfyxjw0xuiffywit30yz3","2024-02-22T20:21:55Z"
"spotify:track:4yugZvBYaoREkJKtbG08Qr","Take It Easy - 2013 Remaster","spotify:artist:0ECwFtbIWEVNwjlrfc6xoL","Eagles","spotify:album:51B7LbLWgYLKBVSpkan8Z7","Eagles (2013 Remaster)","spotify:artist:0ECwFtbIWEVNwjlrfc6xoL","Eagles","1972-06-01","https://i.scdn.co/image/ab67616d0000b273c13acd642ba9f6f5f127aa1b","1","1","211577","https://p.scdn.co/mp3-preview/4b32d39b05829f2c442aa869354f0f63cefcef24?cid=9950ac751e34487dbbe027c4fd7f8e99","false","82","USEE11300314","spotify:user:tbgcqfyxjw0xuiffywit30yz3","2024-02-22T20:22:01Z"
"spotify:track:2mvEB4KV6L54cfMe9bkzsw","Vowels","spotify:artist:4gwpcMTbLWtBUlOijbVpuu","Capital Cities","spotify:album:0i38zdK4NoZLJmKPkzf1WB","Solarize","spotify:artist:4gwpcMTbLWtBUlOijbVpuu","Capital Cities","2018-08-10","https://i.scdn.co/image/ab67616d0000b2735d96fc5f3ab23d93632aa846","1","13","184760","https://p.scdn.co/mp3-preview/a121826cddc5ec6657970d03770e2f01f15a8f1d?cid=9950ac751e34487dbbe027c4fd7f8e99","false","51","USUG11600807","spotify:user:tbgcqfyxjw0xuiffywit30yz3","2024-02-22T20:22:06Z"
"spotify:track:1DF9XPespiTUJKh5MRRStG","Fever","spotify:artist:5YR49Hzg7h990JxfXuxm3a","La Lupe","spotify:album:2xx0ruNjs5BECoQRRVvOTu","Reina de la Canción Latina","spotify:artist:5YR49Hzg7h990JxfXuxm3a","La Lupe","1967-12-31","https://i.scdn.co/image/ab67616d0000b273493758f086a245862d0b95ac","1","6","165213","https://p.scdn.co/mp3-preview/902e7ee272f4195cfe90c45f2c90ff089999eeea?cid=9950ac751e34487dbbe027c4fd7f8e99","false","45","USDBB0600406","spotify:user:tbgcqfyxjw0xuiffywit30yz3","2024-02-22T20:22:14Z"
"spotify:track:2La21GqU4fKTQLcfLxTeoz","Agitations tropicales","spotify:artist:4PwlsrN0t5mLN0C827cbEU","L'Impératrice","spotify:album:346ZDnGgJudDau17EEyWWA","Odyssée - EP","spotify:artist:4PwlsrN0t5mLN0C827cbEU","L'Impératrice","2015-10-12","https://i.scdn.co/image/ab67616d0000b27391d5af63d5acc752950d5927","1","2","248892","https://p.scdn.co/mp3-preview/9d0a71ead892fd943e9c0430f441bba88159b983?cid=9950ac751e34487dbbe027c4fd7f8e99","false","68","GBMJG1509536","spotify:user:tbgcqfyxjw0xuiffywit30yz3","2024-02-22T20:22:18Z"
"spotify:track:6mIqd7D0OQZn1Fn3UoBdRW","Dónde Estás Corazón?","spotify:artist:4Sm7JCttzWMwHJtb3UJ8SY","Mocedades","spotify:album:2Z3yiPCELhCreq4tgPqK9O","Personalidad","spotify:artist:4Sm7JCttzWMwHJtb3UJ8SY","Mocedades","2000-01-01","https://i.scdn.co/image/ab67616d0000b273d4f9ecdb27368b817e719809","1","3","237946","https://p.scdn.co/mp3-preview/41eb09470a1b9086b2c522d6aab5a452ebb91fcf?cid=9950ac751e34487dbbe027c4fd7f8e99","false","46","ES5118201607","spotify:user:tbgcqfyxjw0xuiffywit30yz3","2024-02-22T20:22:42Z"
"spotify:track:2XOuNjvWYgPmdtTwjQTd23","Amor de Hombre (De ""La Leyenda del Beso"")","spotify:artist:4Sm7JCttzWMwHJtb3UJ8SY","Mocedades","spotify:album:2Z3yiPCELhCreq4tgPqK9O","Personalidad","spotify:artist:4Sm7JCttzWMwHJtb3UJ8SY","Mocedades","2000-01-01","https://i.scdn.co/image/ab67616d0000b273d4f9ecdb27368b817e719809","1","1","184613","https://p.scdn.co/mp3-preview/0bb762cf24983dd61c3ff8529638ac2bcb3e99f3?cid=9950ac751e34487dbbe027c4fd7f8e99","false","45","ES5118201599","spotify:user:tbgcqfyxjw0xuiffywit30yz3","2024-02-22T20:22:46Z"
"spotify:track:5MWUstMMH2rcxqTSkEeTtP","Eres Tú - Remasterizado","spotify:artist:4Sm7JCttzWMwHJtb3UJ8SY","Mocedades","spotify:album:2I4E6FHABHanPPXmY2cMqZ","Mocedades (1973) [Remasterizado 2022]","spotify:artist:4Sm7JCttzWMwHJtb3UJ8SY","Mocedades","1973","https://i.scdn.co/image/ab67616d0000b2738fbf39286d6f6c3ee4abab5a","1","1","210693","https://p.scdn.co/mp3-preview/f33d7f0397a81a330c49a743b0c2133c11d4ab8d?cid=9950ac751e34487dbbe027c4fd7f8e99","false","52","ES5022201485","spotify:user:tbgcqfyxjw0xuiffywit30yz3","2024-02-22T20:22:51Z"
"spotify:track:0b18g3G5spr4ZCkz7Y6Q0Q","Rasputin","spotify:artist:6QMABvTzixnxzsLYyhqRxI, spotify:artist:54R6Y0I7jGUCveDTtI21nb","Majestic, Boney M.","spotify:album:6PzYuR9c0CYCPJTnqylPhd","Rasputin","spotify:artist:6QMABvTzixnxzsLYyhqRxI, spotify:artist:54R6Y0I7jGUCveDTtI21nb","Majestic, Boney M.","2021-02-26","https://i.scdn.co/image/ab67616d0000b273f05cf0af79d057704dc994f4","1","1","186209","https://p.scdn.co/mp3-preview/ad54133fba3671bed149315a15c410a52569f42b?cid=9950ac751e34487dbbe027c4fd7f8e99","false","81","DEE862100256","spotify:user:tbgcqfyxjw0xuiffywit30yz3","2024-02-22T20:22:55Z"
"spotify:track:3pf96IFggfQuT6Gafqx2rt","Sunny","spotify:artist:54R6Y0I7jGUCveDTtI21nb","Boney M.","spotify:album:1KQUrny9y5zGpktF6hAGd4","Take The Heat Off Me","spotify:artist:54R6Y0I7jGUCveDTtI21nb","Boney M.","1976","https://i.scdn.co/image/ab67616d0000b273dafd1cd6e9537ec8463ea691","1","3","242240","https://p.scdn.co/mp3-preview/dd07d16b7a206e52cb678355c9a061e20bc62c5e?cid=9950ac751e34487dbbe027c4fd7f8e99","false","74","DED168000002","spotify:user:tbgcqfyxjw0xuiffywit30yz3","2024-02-22T20:23:07Z"
"spotify:track:0eJbGJLMlq7vG8LKDXdLmi","LIFE'S BEEN GOOD TO ME","spotify:artist:34zbMuAgXxsgqnGXSxWvCR, spotify:artist:3dv4Q4q3LWOnbLJnC6GgTY","Ric Wilson, Yellow Days","spotify:album:2uZZWKVQIYYwjA7hEipsS0","Disco Ric in London Town","spotify:artist:34zbMuAgXxsgqnGXSxWvCR, spotify:artist:3dv4Q4q3LWOnbLJnC6GgTY","Ric Wilson, Yellow Days","2021-11-12","https://i.scdn.co/image/ab67616d0000b273436270ba921a8be71c8da169","1","1","320920","https://p.scdn.co/mp3-preview/76879fdfe5363df4f5c64c3a4bb2809e24d0a3bf?cid=9950ac751e34487dbbe027c4fd7f8e99","false","36","USUYG1393058","spotify:user:tbgcqfyxjw0xuiffywit30yz3","2024-02-22T20:23:31Z"
"spotify:track:1pBAsoHy7eN9aeVCTAiKua","Afternoon Delight","spotify:artist:66QeIFuFJDNCImNHlFzrY1","Starland Vocal Band","spotify:album:0SIkfBz37ZXzxXOZCi4JNk","Starland Vocal Band","spotify:artist:66QeIFuFJDNCImNHlFzrY1","Starland Vocal Band","1976-07-01","https://i.scdn.co/image/ab67616d0000b273a7029666a378561d5ca6c917","1","8","193040","https://p.scdn.co/mp3-preview/c8a7a045da9803025b1af64bea9fac23d82d121f?cid=9950ac751e34487dbbe027c4fd7f8e99","false","64","USRZR0491708","spotify:user:tbgcqfyxjw0xuiffywit30yz3","2024-02-22T20:23:52Z"
"spotify:track:7c9kLAF95fPjggkWGQS8zP","Take a Load off Annie","spotify:artist:0a3iHkqj5GZ5CpiKOrB5sS","The Boys from Nazareth","spotify:album:4BTDr1lttveqFNFP1V8hH6","Take a Load off Annie","spotify:artist:0a3iHkqj5GZ5CpiKOrB5sS","The Boys from Nazareth","2012-02-23","https://i.scdn.co/image/ab67616d0000b27380dd37fddcd3664ddd03828f","1","1","281506","https://p.scdn.co/mp3-preview/acfd63b38d10c7d232d6d2926b747d63cb4f2809?cid=9950ac751e34487dbbe027c4fd7f8e99","false","41","TCABE1225653","spotify:user:tbgcqfyxjw0xuiffywit30yz3","2024-02-22T20:23:58Z"
"spotify:track:0nys6GusuHnjSYLW0PYYb7","Chaise Longue","spotify:artist:2TwOrUcYnAlIiKmVQkkoSZ","Wet Leg","spotify:album:0r9awI5WRCZpwk0aVQ4bKO","Wet Leg","spotify:artist:2TwOrUcYnAlIiKmVQkkoSZ","Wet Leg","2022-04-08","https://i.scdn.co/image/ab67616d0000b273ea1126a33b0fb88e79915262","1","2","196905","https://p.scdn.co/mp3-preview/7a12d2aaedd8317046a46b667b0a1fd1429b0e36?cid=9950ac751e34487dbbe027c4fd7f8e99","false","64","GBCEL2100271","spotify:user:tbgcqfyxjw0xuiffywit30yz3","2024-02-22T20:24:02Z"
"spotify:track:5FH5U5zlicxKUXK6DruWKM","Turn Up The Sunshine - From 'Minions: The Rise of Gru' Soundtrack","spotify:artist:3MdG05syQeRYPPcClLaUGl, spotify:artist:5INjqkS1o8h1imAzPqGZBb","Diana Ross, Tame Impala","spotify:album:2q70l752ZOyY6kr7PZjAex","Turn Up The Sunshine (From 'Minions: The Rise of Gru' Soundtrack)","spotify:artist:3MdG05syQeRYPPcClLaUGl, spotify:artist:5INjqkS1o8h1imAzPqGZBb","Diana Ross, Tame Impala","2022-05-19","https://i.scdn.co/image/ab67616d0000b27302417e5f6e1de659d3aa8b3e","1","1","229610","https://p.scdn.co/mp3-preview/7732d7e1132bfae9e4d34ee48958bb8898dc62ff?cid=9950ac751e34487dbbe027c4fd7f8e99","false","53","USQ4E2100001","spotify:user:tbgcqfyxjw0xuiffywit30yz3","2024-02-22T20:24:14Z"
"spotify:track:63roXFYmHCQF5SuDKJHuVX","The Glow Worm - Single Version","spotify:artist:5v8bwWRbu7AI3YFhzoM6Ha","The Mills Brothers","spotify:album:1ARsPQG5T4Nx1fght0cGbo","The Anthology: 1931 - 1968","spotify:artist:5v8bwWRbu7AI3YFhzoM6Ha","The Mills Brothers","1995-01-01","https://i.scdn.co/image/ab67616d0000b273e21cd5d12683344fd6c48c17","2","8","160866","https://p.scdn.co/mp3-preview/e0e7eba4a3ea45dd2d40c30871c26d312ed229d7?cid=9950ac751e34487dbbe027c4fd7f8e99","false","33","USMC15283055","spotify:user:tbgcqfyxjw0xuiffywit30yz3","2024-02-22T20:24:31Z"
"spotify:track:5Ts1DYOuouQLgzTaisxWYh","Love Grows (Where My Rosemary Goes)","spotify:artist:1NRzxuPpdGushT8YmF5NAa","Edison Lighthouse","spotify:album:4XDWk7zU6KDgLaqLxEYi8y","Love Grows (Where My Rosemary Goes) & Other Gems","spotify:artist:1NRzxuPpdGushT8YmF5NAa","Edison Lighthouse","1970-01-01","https://i.scdn.co/image/ab67616d0000b2739a0011cc9d31cf969b656905","1","1","174760","https://p.scdn.co/mp3-preview/7cf77688f02e03e242216149c4cc0b0742bbb7c1?cid=9950ac751e34487dbbe027c4fd7f8e99","false","77","GBBPJ9800675","spotify:user:tbgcqfyxjw0xuiffywit30yz3","2024-02-22T20:24:48Z"
"spotify:track:1hp7aHiWB6zxcpehJR7xRO","Somethinggreater - Single Version","spotify:artist:3oKRxpszQKUjjaHz388fVA","Parcels","spotify:album:2FJj7NVoRCAwjFus0O1BXd","Day/Night","spotify:artist:3oKRxpszQKUjjaHz388fVA","Parcels","2021-11-05","https://i.scdn.co/image/ab67616d0000b2734148eebf7cfaf56f5d3bb144","3","3","209099","https://p.scdn.co/mp3-preview/b8473b69f8b6e49d3fd89b7a68e9f848bab0b0d3?cid=9950ac751e34487dbbe027c4fd7f8e99","false","50","FR6P12100640","spotify:user:tbgcqfyxjw0xuiffywit30yz3","2024-02-22T20:24:54Z"
"spotify:track:0k1hbeZodoEw34FAdbh8xM","Brujeria","spotify:artist:6nnspeopmJAG07xOxHmqTu","El Gran Combo De Puerto Rico","spotify:album:18m4lag970uk1AMSvaUZmg","Aqui No Se Sienta Nadie!","spotify:artist:6nnspeopmJAG07xOxHmqTu","El Gran Combo De Puerto Rico","1979","https://i.scdn.co/image/ab67616d0000b2739012dd213d3d33cb5c3d1ec0","1","6","205813","https://p.scdn.co/mp3-preview/45f2ec7bae1dd978e3a0e3dac26dc9f70f835ea0?cid=9950ac751e34487dbbe027c4fd7f8e99","false","70","USMRE0801306","spotify:user:tbgcqfyxjw0xuiffywit30yz3","2024-02-22T20:25:01Z"
"spotify:track:1UkPVtMYxqGM7fknbrec30","Camina Con los Codos","spotify:artist:0ta7d4nqI6QnJLJHIHaHdk","PALO!","spotify:album:1aKvMBjiU2TrfUejuZEsxK","This Is Afro-Cuban Funk","spotify:artist:0ta7d4nqI6QnJLJHIHaHdk","PALO!","2009","https://i.scdn.co/image/ab67616d0000b27369b7dc96bbd296b46463727c","1","7","273384","https://p.scdn.co/mp3-preview/4358ef62c503dbfcad1968b24b9e743a1f8ca106?cid=9950ac751e34487dbbe027c4fd7f8e99","false","4","USYHH0900007","spotify:user:tbgcqfyxjw0xuiffywit30yz3","2024-02-22T20:25:06Z"
"spotify:track:734AX6t02v4SNG1bkhNxT9","El Menú","spotify:artist:6nnspeopmJAG07xOxHmqTu","El Gran Combo De Puerto Rico","spotify:album:3pYgBhT551TztQNYbXqB26","20th Anniversary","spotify:artist:6nnspeopmJAG07xOxHmqTu","El Gran Combo De Puerto Rico","1982","https://i.scdn.co/image/ab67616d0000b27397612c672578defda5eb849c","2","10","252400","https://p.scdn.co/mp3-preview/d3b4aadd4698fa29478ee6caa58fb0d5aa14401a?cid=9950ac751e34487dbbe027c4fd7f8e99","false","52","USMRE0829020","spotify:user:tbgcqfyxjw0xuiffywit30yz3","2024-02-22T20:25:11Z"
"spotify:track:74oXlQPr6x05HDrGVaiYXZ","Naked in Manhattan","spotify:artist:7GlBOeep6PqTfFi59PTUUN","Chappell Roan","spotify:album:2aA0deq09WgAaMzIpQcv4p","Naked in Manhattan","spotify:artist:7GlBOeep6PqTfFi59PTUUN","Chappell Roan","2022-02-18","https://i.scdn.co/image/ab67616d0000b273d19a05ff3cd005cebb277e36","1","1","211057","https://p.scdn.co/mp3-preview/e11c09e5a377049f0c4f06977845a0f804c9a12b?cid=9950ac751e34487dbbe027c4fd7f8e99","true","0","QM24S2200264","spotify:user:tbgcqfyxjw0xuiffywit30yz3","2024-02-22T20:25:31Z"
"spotify:track:3gCYle76USfbHa7VDTDg5V","The Kiss Of Venus (Dominic Fike)","spotify:artist:4STHEaNw4mPZ2tzheohgXB, spotify:artist:6USv9qhCn6zfxlBQIYJ9qs","Paul McCartney, Dominic Fike","spotify:album:2GtO6b1fzw82cCdbp4CGQv","The Kiss Of Venus (Dominic Fike)","spotify:artist:4STHEaNw4mPZ2tzheohgXB, spotify:artist:6USv9qhCn6zfxlBQIYJ9qs","Paul McCartney, Dominic Fike","2021-03-11","https://i.scdn.co/image/ab67616d0000b2734eb40ecfe1775ac0bcae0e6b","1","1","143530","https://p.scdn.co/mp3-preview/365e66d5e1647afa09d332a06d45986e56833448?cid=9950ac751e34487dbbe027c4fd7f8e99","false","55","GBCCS2100002","spotify:user:tbgcqfyxjw0xuiffywit30yz3","2024-02-22T20:25:42Z"
"spotify:track:0VNzEY1G4GLqcNx5qaaTl6","Vincent","spotify:artist:1gRNBaI4yn6wCCTvRhGWh8","Don McLean","spotify:album:10jsW2NYd9blCrDITMh2zS","American Pie","spotify:artist:1gRNBaI4yn6wCCTvRhGWh8","Don McLean","1971","https://i.scdn.co/image/ab67616d0000b2730085dd4362653ef4c54ebbeb","1","3","243493","https://p.scdn.co/mp3-preview/b4e8591f8fc4f9a51ff72247de3549c173882ca4?cid=9950ac751e34487dbbe027c4fd7f8e99","false","73","USEM38600091","spotify:user:tbgcqfyxjw0xuiffywit30yz3","2024-02-22T20:25:52Z"
"spotify:track:0dN3cttUifpkm1Oja79zJr","Summerland","spotify:artist:7sOR7gk6XUlGnxj3p9F54k","half•alive","spotify:album:1A1dSoZMQPU0DcCfaSLvQ1","Summerland","spotify:artist:7sOR7gk6XUlGnxj3p9F54k","half•alive","2021-07-23","https://i.scdn.co/image/ab67616d0000b2730e30ac5b9c90632e1952b693","1","1","229659","https://p.scdn.co/mp3-preview/1d1136c9b10870b074251a114f399628684d6abe?cid=9950ac751e34487dbbe027c4fd7f8e99","false","46","USRC12102015","spotify:user:tbgcqfyxjw0xuiffywit30yz3","2024-02-22T20:26:13Z"
"spotify:track:5t9KYe0Fhd5cW6UYT4qP8f","Good Vibrations - Remastered 2001","spotify:artist:3oDbviiivRWhXwIE8hxkVV","The Beach Boys","spotify:album:37rNuexqEXWeSIOiJtn3A9","Smiley Smile (Remastered)","spotify:artist:3oDbviiivRWhXwIE8hxkVV","The Beach Boys","1967-09-18","https://i.scdn.co/image/ab67616d0000b273fb9dac3244b8486758058a81","1","6","219026","https://p.scdn.co/mp3-preview/bb1d8ac5ae621b52f2315346e11c4b7bd45f5b81?cid=9950ac751e34487dbbe027c4fd7f8e99","false","73","USCA20100360","spotify:user:tbgcqfyxjw0xuiffywit30yz3","2024-02-22T20:26:45Z"
"spotify:track:3B0ms7Xlxl16tRztKHpcu9","Summer Breeze","spotify:artist:6jdObwsrIjSRnBbMw6lPBj","Seals and Crofts","spotify:album:16lsqxMjRUFOBo2jocsy1C","Summer Breeze","spotify:artist:6jdObwsrIjSRnBbMw6lPBj","Seals and Crofts","1972","https://i.scdn.co/image/ab67616d0000b273e13b56ae3e9e99abf2c2026c","1","4","205480","https://p.scdn.co/mp3-preview/1529ccd815614f9c78dcdac557b0809e73b1ebb2?cid=9950ac751e34487dbbe027c4fd7f8e99","false","71","USWB19901645","spotify:user:tbgcqfyxjw0xuiffywit30yz3","2024-02-22T20:26:48Z"
